"miRNA_number","miRNA_name","miRNA_strand","miRNA_id","miRNA_derived","gene_name","name","chromosome_number"
"miRNAid_1","hsa-miR-6727-5p","-","MIMAT0027355","MI0022572","SRSF10","FRA1A","chromosome1"
"miRNAid_2","hsa-miR-200a-5p","+","MIMAT0001620","MI0000737","PEX10","FRA1A","chromosome1"
"miRNAid_3","hsa-mir-4417","+","MI0016753","NA","CALML6","FRA1A","chromosome1"
"miRNAid_4","hsa-miR-4419a","-","MIMAT0018931","MI0016755","ESPN","FRA1A","chromosome1"
"miRNAid_5","hsa-miR-6808-3p","-","MIMAT0027517","MI0022653","UBXN11","FRA1A","chromosome1"
"miRNAid_6","hsa-mir-4689","-","MI0017322","NA","EFHD2","FRA1A","chromosome1"
"miRNAid_7","hsa-miR-1976","+","MIMAT0009451","MI0009986","MAD2L2","FRA1A","chromosome1"
"miRNAid_8","hsa-mir-200a","+","MI0000737","NA","C1orf159","FRA1A","chromosome1"
"miRNAid_9","hsa-mir-1290","-","MI0006352","NA","FBLIM1","FRA1A","chromosome1"
"miRNAid_10","hsa-mir-6084","+","MI0020361","NA","MMEL1","FRA1A","chromosome1"
"miRNAid_11","hsa-mir-429","+","MI0001641","NA","WNT4","FRA1A","chromosome1"
"miRNAid_12","hsa-miR-4689","-","MIMAT0019778","MI0017322","CNKSR1","FRA1A","chromosome1"
"miRNAid_13","hsa-miR-6731-5p","-","MIMAT0027363","MI0022576","TMEM240","FRA1A","chromosome1"
"miRNAid_14","hsa-mir-4419a","-","MI0016755","NA","AGTRAP","FRA1A","chromosome1"
"miRNAid_15","hsa-miR-6726-3p","-","MIMAT0027354","MI0022571","ZDHHC18","FRA1A","chromosome1"
"miRNAid_16","hsa-mir-200b","+","MI0000342","NA","GALE","FRA1A","chromosome1"
"miRNAid_17","hsa-mir-5697","+","MI0019304","NA","RCAN3","FRA1A","chromosome1"
"miRNAid_18","hsa-miR-429","+","MIMAT0001536","MI0001641","PAFAH2","FRA1A","chromosome1"
"miRNAid_19","hsa-miR-6859-5p","-","MIMAT0027618","MI0022705","MTFR1L","FRA1A","chromosome1"
"miRNAid_20","hsa-miR-200a-3p","+","MIMAT0000682","MI0000737","DNAJC16","FRA1A","chromosome1"
"miRNAid_21","hsa-miR-6808-5p","-","MIMAT0027516","MI0022653","PLOD1","FRA1A","chromosome1"
"miRNAid_22","hsa-miR-6726-5p","-","MIMAT0027353","MI0022571","RPS6KA1","FRA1A","chromosome1"
"miRNAid_23","hsa-mir-3917","-","MI0016423","NA","SELENON","FRA1A","chromosome1"
"miRNAid_24","hsa-mir-4251","+","MI0015861","NA","GPR157","FRA1A","chromosome1"
"miRNAid_25","hsa-mir-6730","-","MI0022575","NA","RPA2","FRA1A","chromosome1"
"miRNAid_26","hsa-miR-4425","+","MIMAT0018940","MI0016764","DVL1","FRA1A","chromosome1"
"miRNAid_27","hsa-miR-6859-3p","-","MIMAT00276191","MI0026420","PRDM2","FRA1A","chromosome1"
"miRNAid_28","hsa-mir-551a","-","MI0003556","NA","ANKRD65","FRA1A","chromosome1"
"miRNAid_29","hsa-miR-6727-3p","-","MIMAT0027356","MI0022572","SPATA21","FRA1A","chromosome1"
"miRNAid_30","hsa-miR-4252","-","MIMAT0016886","MI0015864","THAP3","FRA1A","chromosome1"
"miRNAid_31","hsa-miR-200b-5p","+","MIMAT0004571","MI0000342","SAMD11","FRA1A","chromosome1"
"miRNAid_32","hsa-miR-6859-5p","-","MIMAT00276181","MI0026420","PIGV","FRA1A","chromosome1"
"miRNAid_33","hsa-miR-6728-5p","-","MIMAT0027357","MI0022573","C1QA","FRA1A","chromosome1"
"miRNAid_34","hsa-miR-3972","+","MIMAT0019357","MI0016990","RP11","FRA1A","chromosome1"
"miRNAid_35","hsa-miR-7846-3p","+","MIMAT0030421","MI0025516","NECAP2","FRA1A","chromosome1"
"miRNAid_36","hsa-miR-4632-5p","+","MIMAT0022977","MI0017259","HP1BP3","FRA1A","chromosome1"
"miRNAid_37","hsa-miR-6731-3p","-","MIMAT0027364","MI0022576","PGD","FRA1A","chromosome1"
"miRNAid_38","hsa-mir-3115","+","MI0014127","NA","KAZN","FRA1A","chromosome1"
"miRNAid_39","hsa-miR-1256","-","MIMAT0005907","MI0006390","CPSF3L","FRA1A","chromosome1"
"miRNAid_40","hsa-miR-5697","+","MIMAT0022490","MI0019304","ATAD3C","FRA1A","chromosome1"
"miRNAid_41","hsa-miR-4417","+","MIMAT0018929","MI0016753","LUZP1","FRA1A","chromosome1"
"miRNAid_42","hsa-mir-1302-2","+","MI0006363","NA","RER1","FRA1A","chromosome1"
"miRNAid_43","hsa-mir-6859-2","-","MI0026420","NA","NPPA","FRA1A","chromosome1"
"miRNAid_44","hsa-mir-4253","-","MI0015860","NA","PANK4","FRA1A","chromosome1"
"miRNAid_45","hsa-mir-6859-1","-","MI0022705","NA","GNB1","FRA1A","chromosome1"
"miRNAid_46","hsa-mir-3972","+","MI0016990","NA","PDPN","FRA1A","chromosome1"
"miRNAid_47","hsa-miR-34a-5p","-","MIMAT0000255","MI0000268","EMC1","FRA1A","chromosome1"
"miRNAid_48","hsa-miR-6859-3p","-","MIMAT0027619","MI0022705","EIF4G3","FRA1A","chromosome1"
"miRNAid_49","hsa-miR-6729-3p","+","MIMAT0027360","MI0022574","MIB2","FRA1A","chromosome1"
"miRNAid_50","hsa-miR-551a","-","MIMAT0003214","MI0003556","KLHL21","FRA1A","chromosome1"
"miRNAid_51","hsa-miR-34a-3p","-","MIMAT0004557","MI0000268","C1QB","FRA1A","chromosome1"
"miRNAid_52","hsa-miR-1273d","+","MIMAT0015090","MI0014254","CEP85","FRA1A","chromosome1"
"miRNAid_53","hsa-mir-6731","-","MI0022576","NA","MTHFR","FRA1A","chromosome1"
"miRNAid_54","hsa-miR-3675-5p","-","MIMAT0018098","MI0016076","ERRFI1","FRA1A","chromosome1"
"miRNAid_55","hsa-mir-6808","-","MI0022653","NA","RPL22","FRA1A","chromosome1"
"miRNAid_56","hsa-mir-6729","+","MI0022574","NA","SPEN","FRA1A","chromosome1"
"miRNAid_57","hsa-mir-4252","-","MI0015864","NA","PPP1R8","FRA1A","chromosome1"
"miRNAid_58","hsa-miR-6127","-","MIMAT0024610","MI0021271","ZBTB48","FRA1A","chromosome1"
"miRNAid_59","hsa-mir-3675","-","MI0016076","NA","HNRNPR","FRA1A","chromosome1"
"miRNAid_60","hsa-miR-1290","-","MIMAT0005880","MI0006352","PIK3CD","FRA1A","chromosome1"
"miRNAid_61","hsa-miR-4684-5p","+","MIMAT0019769","MI0017316","FHAD1","FRA1A","chromosome1"
"miRNAid_62","hsa-miR-4251","+","MIMAT0016883","MI0015861","CCNL2","FRA1A","chromosome1"
"miRNAid_63","hsa-miR-4253","-","MIMAT0016882","MI0015860","SCNN1D","FRA1A","chromosome1"
"miRNAid_64","hsa-mir-4695","-","MI0017328","NA","ZNF683","FRA1A","chromosome1"
"miRNAid_65","hsa-miR-3917","-","MIMAT0018191","MI0016423","PAX7","FRA1A","chromosome1"
"miRNAid_66","hsa-mir-1273d","+","MI0014254","NA","SRM","FRA1A","chromosome1"
"miRNAid_67","hsa-miR-6730-3p","-","MIMAT0027362","MI0022575","DHDDS","FRA1A","chromosome1"
"miRNAid_68","hsa-miR-6723-5p","-","MIMAT0025855","MI0022558","SYTL1","FRA1A","chromosome1"
"miRNAid_69","hsa-mir-378f","+","MI0016756","NA","SLC2A5","FRA1A","chromosome1"
"miRNAid_70","hsa-miR-6729-5p","+","MIMAT0027359","MI0022574","TP73","FRA1A","chromosome1"
"miRNAid_71","hsa-miR-6730-5p","-","MIMAT0027361","MI0022575","TNFRSF14","FRA1A","chromosome1"
"miRNAid_72","hsa-mir-6726","-","MI0022571","NA","SZRD1","FRA1A","chromosome1"
"miRNAid_73","hsa-miR-3675-3p","-","MIMAT0018099","MI0016076","ZBTB40","FRA1A","chromosome1"
"miRNAid_74","hsa-mir-4425","+","MI0016764","NA","HSPG2","FRA1A","chromosome1"
"miRNAid_75","hsa-miR-6500-5p","+","MIMAT0025454","MI0022211","TTC39A","FRA1B","chromosome1"
"miRNAid_76","hsa-miR-4711-5p","-","MIMAT0019816","MI0017345","CPT2","FRA1B","chromosome1"
"miRNAid_77","hsa-miR-4711-3p","-","MIMAT0019817","MI0017345","OSBPL9","FRA1B","chromosome1"
"miRNAid_78","hsa-mir-5095","+","MI0018001","NA","OMA1","FRA1B","chromosome1"
"miRNAid_79","hsa-mir-4422","+","MI0016759","NA","C8B","FRA1B","chromosome1"
"miRNAid_80","hsa-miR-1273g-3p","+","MIMAT0022742","MI0018003","TMEM59","FRA1B","chromosome1"
"miRNAid_81","hsa-miR-1273f","+","MIMAT0020601","MI0018002","YIPF1","FRA1B","chromosome1"
"miRNAid_82","hsa-mir-6500","+","MI0022211","NA","NFIA","FRA1B","chromosome1"
"miRNAid_83","hsa-miR-4781-5p","+","MIMAT0019942","MI0017426","DAB1","FRA1B","chromosome1"
"miRNAid_84","hsa-miR-4422","+","MIMAT0018935","MI0016759","MAGOH","FRA1B","chromosome1"
"miRNAid_85","hsa-miR-4421","+","MIMAT0018934","MI0016758","LRP8","FRA1B","chromosome1"
"miRNAid_86","hsa-mir-4711","-","MI0017345","NA","ZFYVE9","FRA1B","chromosome1"
"miRNAid_87","hsa-miR-4781-3p","+","MIMAT0019943","MI0017426","DIO1","FRA1B","chromosome1"
"miRNAid_88","hsa-miR-1273g-5p","+","MIMAT0020602","MI0018003","ZCCHC11","FRA1B","chromosome1"
"miRNAid_89","hsa-mir-1273g","+","MI0018003","NA","USP24","FRA1B","chromosome1"
"miRNAid_90","hsa-miR-761","-","MIMAT0010364","MI0003941","DHCR24","FRA1B","chromosome1"
"miRNAid_91","hsa-mir-1273f","+","MI0018002","NA","MRPL37","FRA1B","chromosome1"
"miRNAid_92","hsa-mir-4423","+","MI0016760","NA","RBMXL1","FRA1D","chromosome1"
"miRNAid_93","hsa-mir-7856","-","MI0025526","NA","BRDT","FRA1D","chromosome1"
"miRNAid_94","hsa-miR-7856-5p","-","MIMAT0030431","MI0025526","CDC7","FRA1D","chromosome1"
"miRNAid_95","hsa-miR-760","+","MIMAT0004957","MI0005567","PKN2","FRA1D","chromosome1"
"miRNAid_96","hsa-mir-760","+","MI0005567","NA","MCOLN2","FRA1D","chromosome1"
"miRNAid_97","hsa-miR-4423-5p","+","MIMAT0019232","MI0016760","SETSIP","FRA1D","chromosome1"
"miRNAid_98","hsa-miR-4423-3p","+","MIMAT0018936","MI0016760","ARHGAP29","FRA1D","chromosome1"
"miRNAid_99","hsa-mir-553","+","MI0003558","NA","CDC14A","FRA1E","chromosome1"
"miRNAid_100","hsa-miR-553","+","MIMAT0003216","MI0003558","EXTL2","FRA1E","chromosome1"
"miRNAid_101","hsa-mir-553","+","MI0003558","NA","CDC14A","FRA1E","chromosome1"
"miRNAid_102","hsa-miR-553","+","MIMAT0003216","MI0003558","EXTL2","FRA1E","chromosome1"
"miRNAid_103","hsa-miR-4257","+","MIMAT0016878","MI0015856","S100A2","FRA1F","chromosome1"
"miRNAid_104","hsa-mir-6737","-","MI0022582","NA","C1orf43","FRA1F","chromosome1"
"miRNAid_105","hsa-miR-8083","-","MIMAT0031010","MI0025919","S100A14","FRA1F","chromosome1"
"miRNAid_106","hsa-miR-6736-3p","-","MIMAT0027374","MI0022581","SHC1","FRA1F","chromosome1"
"miRNAid_107","hsa-miR-6736-5p","-","MIMAT0027373","MI0022581","PIP5K1A","FRA1F","chromosome1"
"miRNAid_108","hsa-mir-8083","-","MI0025919","NA","RFX5","FRA1F","chromosome1"
"miRNAid_109","hsa-mir-190b","-","MI0005545","NA","DENND4B","FRA1F","chromosome1"
"miRNAid_110","hsa-mir-6878","+","MI0022725","NA","CD160","FRA1F","chromosome1"
"miRNAid_111","hsa-mir-4257","+","MI0015856","NA","ILF2","FRA1F","chromosome1"
"miRNAid_112","hsa-mir-4258","+","MI0015857","NA","ADAMTSL4","FRA1F","chromosome1"
"miRNAid_113","hsa-miR-6077","+","MIMAT0023702","MI0020354","TUFT1","FRA1F","chromosome1"
"miRNAid_114","hsa-mir-554","+","MI0003559","NA","PDE4DIP","FRA1F","chromosome1"
"miRNAid_115","hsa-mir-6736","-","MI0022581","NA","HORMAD1","FRA1F","chromosome1"
"miRNAid_116","hsa-mir-5087","-","MI0017976","NA","PI4KB","FRA1F","chromosome1"
"miRNAid_117","hsa-miR-4258","+","MIMAT0016879","MI0015857","FAM63A","FRA1F","chromosome1"
"miRNAid_118","hsa-miR-554","+","MIMAT0003217","MI0003559","SLC39A1","FRA1F","chromosome1"
"miRNAid_119","hsa-miR-6737-3p","-","MIMAT0027376","MI0022582","TMOD4","FRA1F","chromosome1"
"miRNAid_120","hsa-miR-5087","-","MIMAT0021079","MI0017976","PDZK1","FRA1F","chromosome1"
"miRNAid_121","hsa-miR-6878-3p","+","MIMAT0027657","MI0022725","OAZ3","FRA1F","chromosome1"
"miRNAid_122","hsa-miR-5698","-","MIMAT0022491","MI0019305","POGZ","FRA1F","chromosome1"
"miRNAid_123","hsa-mir-1537","-","MI0007258","NA","TRIM17","FRA1H","chromosome1"
"miRNAid_124","hsa-mir-320b-2","-","MI0003839","NA","EPHX1","FRA1H","chromosome1"
"miRNAid_125","hsa-miR-6741-3p","-","MIMAT0027384","MI0022586","NVL","FRA1H","chromosome1"
"miRNAid_126","hsa-miR-3620-3p","+","MIMAT0018001","MI0016011","GUK1","FRA1H","chromosome1"
"miRNAid_127","hsa-mir-4742","-","MI0017380","NA","TRIM67","FRA1H","chromosome1"
"miRNAid_128","hsa-miR-4753-3p","-","MIMAT0019891","MI0017392","SIPA1L2","FRA1H","chromosome1"
"miRNAid_129","hsa-miR-1537-3p","-","MIMAT0007399","MI0007258","TRIM11","FRA1H","chromosome1"
"miRNAid_130","hsa-mir-3620","+","MI0016011","NA","SNAP47","FRA1H","chromosome1"
"miRNAid_131","hsa-miR-5008-5p","-","MIMAT0021039","MI0017876","WDR26","FRA1H","chromosome1"
"miRNAid_132","hsa-miR-320b","-","MIMAT00057921","MI0003839","PARP1","FRA1H","chromosome1"
"miRNAid_133","hsa-mir-4671","+","MI0017302","NA","H3F3A","FRA1H","chromosome1"
"miRNAid_134","hsa-mir-5008","-","MI0017876","NA","ARV1","FRA1H","chromosome1"
"miRNAid_135","hsa-mir-1182","-","MI0006275","NA","C1orf131","FRA1H","chromosome1"
"miRNAid_136","hsa-mir-6741","-","MI0022586","NA","ITPKB","FRA1H","chromosome1"
"miRNAid_137","hsa-miR-4671-3p","+","MIMAT0019753","MI0017302","SRP9","FRA1H","chromosome1"
"miRNAid_138","hsa-miR-4666a-3p","+","MIMAT0019742","MI0017296","JMJD4","FRA1H","chromosome1"
"miRNAid_139","hsa-miR-4671-5p","+","MIMAT0019752","MI0017302","SPRTN","FRA1H","chromosome1"
"miRNAid_140","hsa-mir-4666a","+","MI0017296","NA","EDARADD","FRA1H","chromosome1"
"miRNAid_141","hsa-miR-4742-5p","-","MIMAT0019872","MI0017380","KCNK1","FRA1H","chromosome1"
"miRNAid_142","hsa-miR-4427","+","MIMAT0018942","MI0016766","IRF2BP2","FRA1H","chromosome1"
"miRNAid_143","hsa-miR-4753-5p","-","MIMAT0019890","MI0017392","DNAH14","FRA1H","chromosome1"
"miRNAid_144","hsa-mir-4753","-","MI0017392","NA","LGALS8","FRA1H","chromosome1"
"miRNAid_145","hsa-miR-1537-5p","-","MIMAT0026765","MI0007258","PCNX2","FRA1H","chromosome1"
"miRNAid_146","hsa-mir-4427","+","MI0016766","NA","PSEN2","FRA1H","chromosome1"
"miRNAid_147","hsa-miR-6742-5p","-","MIMAT0027385","MI0022587","RBM34","FRA1H","chromosome1"
"miRNAid_148","hsa-miR-6741-5p","-","MIMAT0027383","MI0022586","DISC1","FRA1H","chromosome1"
"miRNAid_149","hsa-mir-6742","-","MI0022587","NA","CDC42BPA","FRA1H","chromosome1"
"miRNAid_150","hsa-mir-3124","+","MI0014140","NA","OR14A2","FRA1I","chromosome1"
"miRNAid_151","hsa-miR-3124-3p","+","MIMAT0019200","MI0014140","OR2M7","FRA1I","chromosome1"
"miRNAid_152","hsa-miR-3124-5p","+","MIMAT0014986","MI0014140","ZNF669","FRA1I","chromosome1"
"miRNAid_153","hsa-miR-3916","-","MIMAT0018190","MI0016422","HNRNPU","FRA1I","chromosome1"
"miRNAid_154","hsa-mir-3916","-","MI0016422","NA","COX20","FRA1I","chromosome1"
"miRNAid_155","hsa-miR-4735-5p","-","MIMAT0019860","MI0017372","DENND1B","FRA1K","chromosome1"
"miRNAid_156","hsa-miR-4735-3p","-","MIMAT0019861","MI0017372","CFHR4","FRA1K","chromosome1"
"miRNAid_157","hsa-miR-4426","+","MIMAT0018941","MI0016765","RGS1","FRA1K","chromosome1"
"miRNAid_158","hsa-miR-1278","+","MIMAT0005936","MI0006425","PTPRC","FRA1K","chromosome1"
"miRNAid_159","hsa-mir-4426","+","MI0016765","NA","C1orf53","FRA1K","chromosome1"
"miRNAid_160","hsa-mir-1278","+","MI0006425","NA","ATP6V1G3","FRA1K","chromosome1"
"miRNAid_161","hsa-mir-4735","-","MI0017372","NA","TROVE2","FRA1K","chromosome1"
"miRNAid_162","hsa-miR-4794","+","MIMAT0019967","MI0017441","SGIP1","FRA1L","chromosome1"
"miRNAid_163","hsa-miR-3116","+","MIMAT0014978","MI0014128","WLS","FRA1L","chromosome1"
"miRNAid_164","hsa-mir-101-1","-","MI0000103","NA","TNNI3K","FRA1L","chromosome1"
"miRNAid_165","hsa-mir-186","-","MI0000483","NA","SRSF11","FRA1L","chromosome1"
"miRNAid_166","hsa-miR-3671","-","MIMAT0018094","MI0016072","KANK4","FRA1L","chromosome1"
"miRNAid_167","hsa-miR-101-3p","-","MIMAT0000099","MI0000103","MIER1","FRA1L","chromosome1"
"miRNAid_168","hsa-mir-3116-1","+","MI0014128","NA","IFI44","FRA1L","chromosome1"
"miRNAid_169","hsa-mir-6068","-","MI0020345","NA","PRKACB","FRA1L","chromosome1"
"miRNAid_170","hsa-miR-7156-3p","+","MIMAT0028223","MI0023616","ZRANB2","FRA1L","chromosome1"
"miRNAid_171","hsa-mir-7156","+","MI0023616","NA","WDR78","FRA1L","chromosome1"
"miRNAid_172","hsa-miR-7156-5p","+","MIMAT0028222","MI0023616","RABGGTB","FRA1L","chromosome1"
"miRNAid_173","hsa-mir-3117","+","MI0014130","NA","NEXN","FRA1L","chromosome1"
"miRNAid_174","hsa-miR-186-5p","-","MIMAT0000456","MI0000483","ZZZ3","FRA1L","chromosome1"
"miRNAid_175","hsa-miR-101-5p","-","MIMAT0004513","MI0000103","USP33","FRA1L","chromosome1"
"miRNAid_176","hsa-mir-4794","+","MI0017441","NA","PTGFR","FRA1L","chromosome1"
"miRNAid_177","hsa-miR-186-3p","-","MIMAT0004612","MI0000483","LEPROT","FRA1L","chromosome1"
"miRNAid_178","hsa-mir-3116-2","-","MI0014129","NA","TM2D1","FRA1L","chromosome1"
"miRNAid_179","hsa-miR-3116","-","MIMAT00149781","MI0014129","HHLA3","FRA1L","chromosome1"
"miRNAid_180","hsa-miR-2682-3p","-","MIMAT0013518","MI0012063","PLPPR5","FRA1M","chromosome1"
"miRNAid_181","hsa-miR-2682-5p","-","MIMAT0013517","MI0012063","TMEM56","FRA1M","chromosome1"
"miRNAid_182","hsa-miR-137","-","MIMAT0000429","MI0000454","PLPPR4","FRA1M","chromosome1"
"miRNAid_183","hsa-miR-378g","-","MIMAT0018937","MI0016761","SLC44A3","FRA1M","chromosome1"
"miRNAid_184","hsa-miR-4772-5p","+","MIMAT0019926","MI0017414","PDCL3","FRA2A","chromosome2"
"miRNAid_185","hsa-miR-5696","+","MIMAT0022489","MI0019303","ANKRD23","FRA2A","chromosome2"
"miRNAid_186","hsa-miR-4772-3p","+","MIMAT0019927","MI0017414","CNGA3","FRA2A","chromosome2"
"miRNAid_187","hsa-miR-4782-5p","-","MIMAT0019944","MI0017427","BCL2L11","FRA2B","chromosome2"
"miRNAid_188","hsa-miR-4782-3p","-","MIMAT0019945","MI0017427","POLR1B","FRA2B","chromosome2"
"miRNAid_189","hsa-miR-4771","-","MIMAT00199251","MI0017413","PAX8","FRA2B","chromosome2"
"miRNAid_190","hsa-miR-4436b-3p","+","MIMAT00199411","MI0019110","MERTK","FRA2B","chromosome2"
"miRNAid_191","hsa-miR-4436b-5p","+","MIMAT00199401","MI0019110","IL1B","FRA2B","chromosome2"
"miRNAid_192","has-miR-4431","-","NA","MI0016771","NUP35","FRA2D","chromosome2"
"miRNAid_193","has-miR-3682","-","NA","MI0016083","GULP1","FRA2D","chromosome2"
"miRNAid_194","hsa-miR-3126-3p","+","MIMAT0015377","MI0014143","INO80B","FRA2E","chromosome2"
"miRNAid_195","hsa-miR-1285-3p","-","MIMAT0005876","MI0006347","EMX1","FRA2E","chromosome2"
"miRNAid_196","hsa-miR-128-1-5p","+","MIMAT0026477","MI0000447","R3HDM1","FRA2F","chromosome2"
"miRNAid_197","hsa-miR-4437","-","MIMAT0018953","MI0016778","CHN1","FRA2G","chromosome2"
"miRNAid_198","hsa-miR-3128","-","MIMAT0014991","MI0014145","FKBP7","FRA2G","chromosome2"
"miRNAid_199","hsa-miR-6512-3p","-","MIMAT0025481","MI0022224","CHRNA1","FRA2G","chromosome2"
"miRNAid_200","hsa-miR-10b-3p","+","MIMAT0004556","MI0000267","ATF2","FRA2G","chromosome2"
"miRNAid_201","hsa-miR-6512-5p","-","MIMAT0025480","MI0022224","ZNF385B","FRA2G","chromosome2"
"miRNAid_202","hsa-miR-7704","+","MIMAT0030019","MI0025240","DYNC1I2","FRA2G","chromosome2"
"miRNAid_203","hsa-miR-10b-5p","+","MIMAT0000254","MI0000267","SCRN3","FRA2G","chromosome2"
"miRNAid_204","hsa-miR-933","-","MIMAT0004976","MI0005755","LNPK","FRA2G","chromosome2"
"miRNAid_205","hsa-miR-548","+","NA","MI0003593","GPR75-ASB3","FRA2H","chromosome2"
"miRNAid_206","has-miR-561","+","NA","MI0003567","RTN4","FRA2H","chromosome2"
"miRNAid_207","hsa-miR-3130-3p","-","MIMAT0014994","MI0014147","NIF3L1","FRA2I","chromosome2"
"miRNAid_208","hsa-miR-7845-5p","+","MIMAT0030420","MI0025515","CARF","FRA2I","chromosome2"
"miRNAid_209","hsa-miR-3130-3p","+","MIMAT00149941","MI0014148","ALS2CR12","FRA2I","chromosome2"
"miRNAid_210","hsa-miR-3130-5p","+","MIMAT00149951","MI0014148","AOX1","FRA2I","chromosome2"
"miRNAid_211","hsa-miR-4775","+","MIMAT0019931","MI0017418","CFLAR","FRA2I","chromosome2"
"miRNAid_212","hsa-miR-1302","-","MIMAT00058905","MI0006365","GPR1","FRA2I","chromosome2"
"miRNAid_213","hsa-miR-2355-3p","-","MIMAT0017950","MI0015873","CASP8","FRA2I","chromosome2"
"miRNAid_214","hsa-miR-2355-5p","-","MIMAT0016895","MI0015873","FASTKD2","FRA2I","chromosome2"
"miRNAid_215","hsa-miR-4786-3p","-","MIMAT0019955","MI0017433","HDLBP","FRA2J","chromosome2"
"miRNAid_216","hsa-miR-6811-3p","+","MIMAT0027523","MI0022656","ILKAP","FRA2J","chromosome2"
"miRNAid_217","hsa-miR-6811-5p","+","MIMAT0027522","MI0022656","KIF1A","FRA2J","chromosome2"
"miRNAid_218","hsa-miR-4269","+","MIMAT0016897","MI0015875","GPR35","FRA2J","chromosome2"
"miRNAid_219","hsa-miR-2467-3p","-","MIMAT0019953","MI0017432","UBE2F","FRA2J","chromosome2"
"miRNAid_220","hsa-miR-149-3p","+","MIMAT0004609","MI0000478","STK25","FRA2J","chromosome2"
"miRNAid_221","hsa-miR-3133","+","MIMAT0014998","MI0014153","RNPEPL1","FRA2J","chromosome2"
"miRNAid_222","hsa-miR-4786-5p","-","MIMAT0019954","MI0017433","DTYMK","FRA2J","chromosome2"
"miRNAid_223","hsa-miR-4440","-","MIMAT0018958","MI0016783","ATG4B","FRA2J","chromosome2"
"miRNAid_224","hsa-miR-2467-5p","-","MIMAT0019952","MI0017432","MLPH","FRA2J","chromosome2"
"miRNAid_225","hsa-miR-4436a","+","MIMAT0018952","MI0016776","TCF7L1","FRA2L","chromosome2"
"miRNAid_226","hsa-miR-6071","-","MIMAT0023696","MI0020348","ST3GAL5","FRA2L","chromosome2"
"miRNAid_227","hsa-miR-4779","-","MIMAT0019938","MI0017423","CAPG","FRA2L","chromosome2"
"miRNAid_228","hsa-miR-4771","+","MIMAT0019925","MI0017412","KCMF1","FRA2L","chromosome2"
"miRNAid_229","hsa-miR-4435","+","MIMAT0018951","MI0016775","THNSL2","FRA2L","chromosome2"
"miRNAid_230","hsa-miR-4780","-","MIMAT0019939","MI0017424","GNLY","FRA2L","chromosome2"
"miRNAid_231","hsa-miR-4432","-","MIMAT0018948","MI0016772","UGGT1","FRA2S","chromosome2"
"miRNAid_232","hsa-miR-4266","-","MIMAT0016892","MI0015870","EVA1A","FRA2S","chromosome2"
"miRNAid_233","hsa-miR-4783-3p","-","MIMAT0019947","MI0017428","PLEKHB2","FRA2S","chromosome2"
"miRNAid_234","hsa-miR-4436b-3p","+","MIMAT00199411","MI0019110","NPHP1","FRA2S","chromosome2"
"miRNAid_235","hsa-miR-4433b-5p","-","MIMAT0030413","MI0025511","CCNT2","FRA2S","chromosome2"
"miRNAid_236","hsa-miR-4778-5p","-","MIMAT0019936","MI0017422","MAP3K19","FRA2S","chromosome2"
"miRNAid_237","hsa-miR-7157-5p","-","MIMAT0028224","MI0023617","ARHGAP15","FRA2S","chromosome2"
"miRNAid_238","hsa-miR-4778-3p","-","MIMAT0019937","MI0017422","CACNB4","FRA2S","chromosome2"
"miRNAid_239","hsa-miR-4431","-","MIMAT0018947","MI0016771","MSH2","FRA2S","chromosome2"
"miRNAid_240","hsa-miR-4782-5p","-","MIMAT0019944","MI0017427","UGP2","FRA2S","chromosome2"
"miRNAid_241","hsa-miR-4772-5p","+","MIMAT0019926","MI0017414","NRXN1","FRA2S","chromosome2"
"miRNAid_242","hsa-miR-1302","-","MIMAT00058904","MI0006364","PTPN4","FRA2S","chromosome2"
"miRNAid_243","hsa-miR-216a-3p","-","MIMAT0022844","MI0000292","XPO1","FRA2S","chromosome2"
"miRNAid_244","hsa-miR-4436b-5p","+","MIMAT00199401","MI0019110","PPP3R1","FRA2S","chromosome2"
"miRNAid_245","hsa-miR-4435","+","MIMAT0018951","MI0016775","CLASP1","FRA2S","chromosome2"
"miRNAid_246","hsa-miR-4780","-","MIMAT0019939","MI0017424","MEIS1","FRA2S","chromosome2"
"miRNAid_247","hsa-miR-8080","-","MIMAT0031007","MI0025916","AC114783.1","FRA2S","chromosome2"
"miRNAid_248","hsa-miR-128-3p","+","MIMAT0000424","MI0000447","RALB","FRA2S","chromosome2"
"miRNAid_249","hsa-miR-4771","-","MIMAT00199251","MI0017413","PROC","FRA2S","chromosome2"
"miRNAid_250","hsa-miR-6071","-","MIMAT0023696","MI0020348","MYO7B","FRA2S","chromosome2"
"miRNAid_251","hsa-miR-4783-5p","-","MIMAT0019946","MI0017428","LRRTM1","FRA2S","chromosome2"
"miRNAid_252","hsa-miR-128-1-5p","+","MIMAT0026477","MI0000447","KIF5C","FRA2S","chromosome2"
"miRNAid_253","hsa-miR-1285-3p","-","MIMAT0005876","MI0006347","CFAP36","FRA2S","chromosome2"
"miRNAid_254","hsa-miR-4436b-5p","-","MIMAT0019940","MI0017425","FHL2","FRA2S","chromosome2"
"miRNAid_255","hsa-miR-5696","+","MIMAT0022489","MI0019303","NEURL3","FRA2S","chromosome2"
"miRNAid_256","hsa-miR-5192","+","MIMAT0021123","MI0018171","RPS27A","FRA2S","chromosome2"
"miRNAid_257","hsa-miR-3126-3p","+","MIMAT0015377","MI0014143","LIMS1","FRA2S","chromosome2"
"miRNAid_258","hsa-miR-4436a","+","MIMAT0018952","MI0016776","NCK2","FRA2S","chromosome2"
"miRNAid_259","hsa-miR-3679-5p","+","MIMAT0018104","MI0016080","CCDC88A","FRA2S","chromosome2"
"miRNAid_260","hsa-miR-3679-3p","+","MIMAT0018105","MI0016080","KYNU","FRA2S","chromosome2"
"miRNAid_261","hsa-miR-4265","-","MIMAT0016891","MI0015869","STON1","FRA2S","chromosome2"
"miRNAid_262","hsa-miR-4434","+","MIMAT0018950","MI0016774","GLI2","FRA2S","chromosome2"
"miRNAid_263","hsa-miR-4442","-","MIMAT0018960","MI0016785","NGLY1","FRA3A","chromosome3"
"miRNAid_264","hsa-miR-4792","-","MIMAT0019964","MI0017439","RPL15","FRA3A","chromosome3"
"miRNAid_265","hsa-miR-548bb-3p","-","MIMAT0035704","MI0029321","CADPS","FRA3B","chromosome3"
"miRNAid_266","hsa-miR-5588-3p","-","MIMAT0022296","MI0019147","RPL39L","FRA3C","chromosome3"
"miRNAid_267","hsa-miR-4448","+","MIMAT0018967","MI0016791","MCF2L2","FRA3C","chromosome3"
"miRNAid_268","hsa-miR-1248","+","MIMAT0005900","MI0006383","ETV5","FRA3C","chromosome3"
"miRNAid_269","hsa-miR-1224-5p","+","MIMAT0005458","MI0003764","EIF4G1","FRA3C","chromosome3"
"miRNAid_270","hsa-miR-1224-3p","+","MIMAT0005459","MI0003764","MAP3K13","FRA3C","chromosome3"
"miRNAid_271","hsa-miR-548aq-5p","-","MIMAT0022263","MI0019130","RFC4","FRA3C","chromosome3"
"miRNAid_272","hsa-miR-5588-5p","-","MIMAT0022295","MI0019147","AP2M1","FRA3C","chromosome3"
"miRNAid_273","hsa-miR-3919","+","MIMAT0018193","MI0016425","PFN2","FRA3D","chromosome3"
"miRNAid_274","hsa-miR-15b-3p","+","MIMAT0004586","MI0000438","CP","FRA3D","chromosome3"
"miRNAid_275","hsa-miR-16-2-3p","+","MIMAT0004518","MI0000115","GYG1","FRA3D","chromosome3"
"miRNAid_276","hsa-miR-15b-5p","+","MIMAT0000417","MI0000438","IFT80","FRA3D","chromosome3"
"miRNAid_277","hsa-miR-95-5p","-","MIMAT0026473","MI0000097","SH3TC1","FRA4A","chromosome4"
"miRNAid_278","hsa-miR-4798-3p","+","MIMAT0019975","MI0017445","ACOX3","FRA4A","chromosome4"
"miRNAid_279","hsa-miR-4798-5p","+","MIMAT0019974","MI0017445","USP17L23","FRA4A","chromosome4"
"miRNAid_280","hsa-miR-95-3p","-","MIMAT0000094","MI0000097","CLNK","FRA4A","chromosome4"
"miRNAid_281","hsa-miR-4274","+","MIMAT0016906","MI0015884","JAKMIP1","FRA4A","chromosome4"
"miRNAid_282","hsa-miR-548","-","MIMAT00059351","MI0006422","AFAP1","FRA4A","chromosome4"
"miRNAid_283","hsa-miR-3138","-","MIMAT0015006","MI0014161","WFS1","FRA4A","chromosome4"
"miRNAid_284","hsa-miR-4449","+","MIMAT0018968","MI0016792","PDGFRA","FRA4B","chromosome4"
"miRNAid_285","hsa-miR-4275","+","MIMAT0016905","MI0015883","QDPR","FRA4D","chromosome4"
"miRNAid_286","hsa-miR-7978","-","MIMAT0031181","MI0025754","RBPJ","FRA4D","chromosome4"
"miRNAid_287","hsa-miR-573","-","MIMAT0003238","MI0003580","RAB28","FRA4D","chromosome4"
"miRNAid_288","hsa-miR-5091","+","MIMAT0021083","MI0017980","PACRGL","FRA4D","chromosome4"
"miRNAid_289","hsa-miR-572","+","MIMAT0003237","MI0003579","PROM1","FRA4D","chromosome4"
"miRNAid_290","hsa-miR-218-5p","+","MIMAT0000275","MI0000294","SLC34A2","FRA4D","chromosome4"
"miRNAid_291","hsa-miR-580-3p","-","MIMAT0003245","MI0003587","FBXO4","FRA5A","chromosome5"
"miRNAid_292","hsa-miR-4279","-","MIMAT0016909","MI0015887","OXCT1","FRA5A","chromosome5"
"miRNAid_293","hsa-miR-3650","-","MIMAT0018070","MI0016050","NPR3","FRA5A","chromosome5"
"miRNAid_294","hsa-miR-580-5p","-","MIMAT0026617","MI0003587","SLC1A3","FRA5A","chromosome5"
"miRNAid_295","hsa-miR-579-5p","-","MIMAT0026616","MI0003586","TTC23L","FRA5A","chromosome5"
"miRNAid_296","hsa-miR-579-3p","-","MIMAT0003244","MI0003586","RAI14","FRA5A","chromosome5"
"miRNAid_297","hsa-miR-583","+","MIMAT0003248","MI0003590","CAST","FRA5B","chromosome5"
"miRNAid_298","hsa-miR-2277-5p","-","MIMAT0017352","MI0011284","FAM172A","FRA5B","chromosome5"
"miRNAid_299","hsa-miR-6830-5p","-","MIMAT0027560","MI0022675","SAR1B","FRA5C","chromosome5"
"miRNAid_300","hsa-miR-5692c","-","MIMAT0022476","MI0019288","FNIP1","FRA5C","chromosome5"
"miRNAid_301","hsa-miR-1289","-","MIMAT00058791","MI0006351","IL5","FRA5C","chromosome5"
"miRNAid_302","hsa-miR-4461","+","MIMAT0018983","MI0016807","ACSL6","FRA5C","chromosome5"
"miRNAid_303","hsa-miR-3661","+","MIMAT0018082","MI0016062","PPP2CA","FRA5C","chromosome5"
"miRNAid_304","hsa-miR-6830-3p","-","MIMAT0027561","MI0022675","PDLIM4","FRA5C","chromosome5"
"miRNAid_305","hsa-miR-2277","-","NA","MI0011284","FAM172A","FRA5D","chromosome5"
"miRNAid_306","hsa-miR-581","-","NA","MI0003588","POU5F2","FRA5D","chromosome5"
"miRNAid_307","hsa-miR-548p","-","MIMAT0005934","MI0006420","PPIP5K2","FRA5F","chromosome5"
"miRNAid_308","hsa-miR-1271-5p","+","MIMAT0005796","MI0003814","STC2","FRA5G","chromosome5"
"miRNAid_309","hsa-miR-4281","-","MIMAT0016907","MI0015885","MGAT1","FRA5G","chromosome5"
"miRNAid_310","hsa-miR-8056","+","MIMAT0030983","MI0025892","DOK3","FRA5G","chromosome5"
"miRNAid_311","hsa-miR-378e","+","MIMAT0018927","MI0016750","NHP2","FRA5G","chromosome5"
"miRNAid_312","hsa-miR-3912-5p","-","MIMAT0027036","MI0016416","LMAN2","FRA5G","chromosome5"
"miRNAid_313","hsa-miR-1271-3p","+","MIMAT0022712","MI0003814","KIAA1191","FRA5G","chromosome5"
"miRNAid_314","hsa-miR-585-3p","-","MIMAT0003250","MI0003592","HMP19","FRA5G","chromosome5"
"miRNAid_315","hsa-miR-5003-5p","+","MIMAT0021025","MI0017869","GRK6","FRA5G","chromosome5"
"miRNAid_316","hsa-miR-340-3p","-","MIMAT0000750","MI0000802","SMIM23","FRA5G","chromosome5"
"miRNAid_317","hsa-miR-218-5p","-","MIMAT00002751","MI0000295","FBLL1","FRA5G","chromosome5"
"miRNAid_318","hsa-miR-5003-3p","+","MIMAT0021026","MI0017869","ATP6V0E1","FRA5G","chromosome5"
"miRNAid_319","hsa-miR-3912-3p","-","MIMAT0018186","MI0016416","ZNF354B","FRA5G","chromosome5"
"miRNAid_320","hsa-miR-103a-3p","-","MIMAT00001011","MI0000109","GFPT2","FRA5G","chromosome5"
"miRNAid_321","hsa-miR-340-5p","-","MIMAT0004692","MI0000802","CREBRF","FRA5G","chromosome5"
"miRNAid_322","hsa-miR-1229-3p","-","MIMAT0005584","MI0006319","HNRNPAB","FRA5G","chromosome5"
"miRNAid_323","hsa-miR-1229-5p","-","MIMAT0022942","MI0006319","FAM193B","FRA5G","chromosome5"
"miRNAid_324","hsa-miR-103b","+","MIMAT00074021","MI0007261","SLC34A1","FRA5G","chromosome5"
"miRNAid_325","hsa-miR-4634","+","MIMAT0019691","MI0017261","ERGIC1","FRA5G","chromosome5"
"miRNAid_326","hsa-miR-218-2-3p","-","MIMAT0004566","MI0000295","FBXW11","FRA5G","chromosome5"
"miRNAid_327","hsa-miR-5683",".","MIMAT0022472","MI0019284","F13A1","FRA6B","chromosome6"
"miRNAid_328","hsa-miR-7853-5p",".","MIMAT0030428","MI0025523","CDYL","FRA6B","chromosome6"
"miRNAid_329","hsa-miR-3691-3p",".","MIMAT0019224","MI0016092","RPP40","FRA6B","chromosome6"
"miRNAid_330","hsa-miR-3691-5p",".","MIMAT0018120","MI0016092","FARS2","FRA6B","chromosome6"
"miRNAid_331","hsa-miR-4282","-","MIMAT0016912","MI0015890","FAM135A","FRA6D","chromosome6"
"miRNAid_332","hsa-miR-30a-3p","-","MIMAT0000088","MI0000088","COL12A1","FRA6D","chromosome6"
"miRNAid_333","hsa-miR-4463","+","MIMAT0018987","MI0016811","SMAP1","FRA6D","chromosome6"
"miRNAid_334","hsa-miR-30c-2-3p","-","MIMAT0004550","MI0000254","MTO1","FRA6D","chromosome6"
"miRNAid_335","hsa-miR-30c-5p","-","MIMAT00002441","MI0000254","FILIP1","FRA6D","chromosome6"
"miRNAid_336","hsa-miR-30a-5p","-","MIMAT0000087","MI0000088","KCNQ5","FRA6D","chromosome6"
"miRNAid_337","hsa-miR-587","+","MIMAT0003253","MI0003595","ARMC2","FRA6F","chromosome6"
"miRNAid_338","hsa-miR-4643","+","MIMAT0019703","MI0017270","CNR1","FRA6G","chromosome6"
"miRNAid_339","hsa-miR-4464","+","MIMAT0018988","MI0016812","PNRC1","FRA6G","chromosome6"
"miRNAid_340","hsa-miR-586","-","MIMAT0003252","MI0003594","PSMB8","FRA6H","chromosome6"
"miRNAid_341","hsa-miR-3934-3p","+","MIMAT0022975","MI0016590","GTPBP2","FRA6H","chromosome6"
"miRNAid_342","hsa-miR-6833-3p","+","MIMAT0027567","MI0022678","DAXX","FRA6H","chromosome6"
"miRNAid_343","hsa-miR-1275","-","MIMAT0005929","MI0006415","CCHCR1","FRA6H","chromosome6"
"miRNAid_344","hsa-miR-4462","-","MIMAT0018986","MI0016810","KIF6","FRA6H","chromosome6"
"miRNAid_345","hsa-miR-4640-5p","+","MIMAT0019699","MI0017267","HLA","FRA6H","chromosome6"
"miRNAid_346","hsa-miR-219a-5p","+","MIMAT0000276","MI0000296","HCG27","FRA6H","chromosome6"
"miRNAid_347","hsa-miR-3934-5p","+","MIMAT0018349","MI0016590","POU5F1","FRA6H","chromosome6"
"miRNAid_348","hsa-miR-3135b","-","MIMAT0018985","MI0016809","NRM","FRA6H","chromosome6"
"miRNAid_349","hsa-miR-7159-3p","+","MIMAT0028229","MI0023620","GPSM3","FRA6H","chromosome6"
"miRNAid_350","hsa-miR-3925-3p","-","MIMAT0019228","MI0016433","ARMC12","FRA6H","chromosome6"
"miRNAid_351","hsa-miR-6721-5p","-","MIMAT0025852","MI0022556","KLC4","FRA6H","chromosome6"
"miRNAid_352","hsa-miR-6780b-5p","+","MIMAT0027572","MI0022681","ZBTB9","FRA6H","chromosome6"
"miRNAid_353","hsa-miR-6891-5p","-","MIMAT0027682","MI0022738","CLIC1","FRA6H","chromosome6"
"miRNAid_354","hsa-miR-6835-3p","+","MIMAT0027571","MI0022680","KCTD20","FRA6H","chromosome6"
"miRNAid_355","hsa-miR-1236-3p","-","MIMAT0005591","MI0006326","NCR2","FRA6H","chromosome6"
"miRNAid_356","hsa-miR-6832-3p","+","MIMAT0027565","MI0022677","RPL7L1","FRA6H","chromosome6"
"miRNAid_357","hsa-miR-7159-5p","+","MIMAT0028228","MI0023620","CCND3","FRA6H","chromosome6"
"miRNAid_358","hsa-miR-4646-3p","-","MIMAT0019708","MI0017273","RUNX2","FRA6H","chromosome6"
"miRNAid_359","hsa-miR-5690","-","MIMAT0022482","MI0019295","PFDN6","FRA6H","chromosome6"
"miRNAid_360","hsa-miR-4640-3p","+","MIMAT0019700","MI0017267","GPANK1","FRA6H","chromosome6"
"miRNAid_361","hsa-miR-1236-5p","-","MIMAT0022945","MI0006326","MED20","FRA6H","chromosome6"
"miRNAid_362","hsa-miR-6833-5p","+","MIMAT0027566","MI0022678","DDAH2","FRA6H","chromosome6"
"miRNAid_363","hsa-miR-7111-5p","+","MIMAT0028119","MI0022962","DEF6","FRA6H","chromosome6"
"miRNAid_364","hsa-miR-5004-3p","+","MIMAT0021028","MI0017870","CUL7","FRA6H","chromosome6"
"miRNAid_365","hsa-miR-4642","+","MIMAT0019702","MI0017269","NELFE","FRA6H","chromosome6"
"miRNAid_366","hsa-miR-877-3p","+","MIMAT0004950","MI0005561","OARD1","FRA6H","chromosome6"
"miRNAid_367","hsa-miR-6832-5p","+","MIMAT0027564","MI0022677","SNRPC","FRA6H","chromosome6"
"miRNAid_368","hsa-miR-6780b-3p","+","MIMAT0027573","MI0022681","PRRT1","FRA6H","chromosome6"
"miRNAid_369","hsa-miR-219a-1-3p","+","MIMAT0004567","MI0000296","NFKBIE","FRA6H","chromosome6"
"miRNAid_370","hsa-miR-6873-3p","-","MIMAT0027647","MI0022720","TFEB","FRA6H","chromosome6"
"miRNAid_371","hsa-miR-6834-3p","+","MIMAT0027569","MI0022679","PPP2R5D","FRA6H","chromosome6"
"miRNAid_372","hsa-miR-5004-5p","+","MIMAT0021027","MI0017870","BTBD9","FRA6H","chromosome6"
"miRNAid_373","hsa-miR-4647","-","MIMAT0019709","MI0017274","DDR1","FRA6H","chromosome6"
"miRNAid_374","hsa-miR-3925-5p","-","MIMAT0018200","MI0016433","FKBP5","FRA6H","chromosome6"
"miRNAid_375","hsa-miR-6891-3p","-","MIMAT0027683","MI0022738","TJAP1","FRA6H","chromosome6"
"miRNAid_376","hsa-miR-877-5p","+","MIMAT0004949","MI0005561","LEMD2","FRA6H","chromosome6"
"miRNAid_377","hsa-miR-6873-5p","-","MIMAT0027646","MI0022720","XXbac","FRA6H","chromosome6"
"miRNAid_378","hsa-miR-6834-5p","+","MIMAT0027568","MI0022679","TAPBP","FRA6H","chromosome6"
"miRNAid_379","hsa-miR-4283","-","MIMAT0016914","MI0015892","PSPH","FRA7A","chromosome7"
"miRNAid_380","hsa-miR-589-3p","-","MIMAT0003256","MI0003599","EIF3B","FRA7B","chromosome7"
"miRNAid_381","hsa-miR-6874-5p","-","MIMAT0027648","MI0022721","RSPH10B","FRA7B","chromosome7"
"miRNAid_382","hsa-miR-4656","-","MIMAT0019723","MI0017284","TNRC18","FRA7B","chromosome7"
"miRNAid_383","hsa-miR-6874-3p","-","MIMAT0027649","MI0022721","TTYH3","FRA7B","chromosome7"
"miRNAid_384","hsa-miR-6836-3p","-","MIMAT0027575","MI0022682","OCM","FRA7B","chromosome7"
"miRNAid_385","hsa-miR-3683","-","MIMAT0018111","MI0016084","FSCN1","FRA7B","chromosome7"
"miRNAid_386","hsa-miR-1200","-","MIMAT0005863","MI0006332","ANLN","FRA7C","chromosome7"
"miRNAid_387","hsa-miR-6837-5p","+","MIMAT0027576","MI0022683","CAMK2B","FRA7D","chromosome7"
"miRNAid_388","hsa-miR-6838-3p","-","MIMAT0027579","MI0022684","URGCP","FRA7D","chromosome7"
"miRNAid_389","hsa-miR-6837-3p","+","MIMAT0027577","MI0022683","TBRG4","FRA7D","chromosome7"
"miRNAid_390","hsa-miR-4657","-","MIMAT0019724","MI0017285","CCM2","FRA7D","chromosome7"
"miRNAid_391","hsa-miR-4649-5p","+","MIMAT0019711","MI0017276","OGDH","FRA7D","chromosome7"
"miRNAid_392","hsa-miR-6838-5p","-","MIMAT0027578","MI0022684","ZMIZ2","FRA7D","chromosome7"
"miRNAid_393","hsa-miR-4649-3p","+","MIMAT0019712","MI0017276","MYL7","FRA7D","chromosome7"
"miRNAid_394","hsa-miR-1285-5p","-","MIMAT0022719","MI0006346","KRIT1","FRA7E","chromosome7"
"miRNAid_395","hsa-miR-6875-5p","+","MIMAT0027650","MI0022722","SRPK2","FRA7F","chromosome7"
"miRNAid_396","hsa-miR-6875-3p","+","MIMAT0027651","MI0022722","CDHR3","FRA7F","chromosome7"
"miRNAid_397","hsa-miR-93-5p","-","MIMAT0000093","MI0000095","GAL3ST4","FRA7F","chromosome7"
"miRNAid_398","hsa-miR-548o-3p","-","MIMAT00059191","MI0006402","TAF6","FRA7F","chromosome7"
"miRNAid_399","hsa-miR-6840-3p","+","MIMAT0027583","MI0022686","SYPL1","FRA7F","chromosome7"
"miRNAid_400","hsa-miR-4653-5p","+","MIMAT0019718","MI0017281","GNB2","FRA7F","chromosome7"
"miRNAid_401","hsa-miR-25-5p","-","MIMAT0004498","MI0000082","MCM7","FRA7F","chromosome7"
"miRNAid_402","hsa-miR-5090","+","MIMAT0021082","MI0017979","CYP3A43","FRA7F","chromosome7"
"miRNAid_403","hsa-miR-6840-5p","+","MIMAT0027582","MI0022686","ORAI2","FRA7F","chromosome7"
"miRNAid_404","hsa-miR-4658","-","MIMAT0019725","MI0017286","ATP5J2","FRA7F","chromosome7"
"miRNAid_405","hsa-miR-4653-3p","+","MIMAT0019719","MI0017281","LAMTOR4","FRA7F","chromosome7"
"miRNAid_406","hsa-miR-106b-5p","-","MIMAT0000680","MI0000734","ZNF3","FRA7F","chromosome7"
"miRNAid_407","hsa-miR-106b-3p","-","MIMAT0004672","MI0000734","ZNF789","FRA7F","chromosome7"
"miRNAid_408","hsa-miR-4467","+","MIMAT0018994","MI0016818","SH2B2","FRA7F","chromosome7"
"miRNAid_409","hsa-miR-4285","+","MIMAT0016913","MI0015891","PLOD3","FRA7F","chromosome7"
"miRNAid_410","hsa-miR-25-3p","-","MIMAT0000081","MI0000082","MBLAC1","FRA7F","chromosome7"
"miRNAid_411","hsa-miR-3666","+","MIMAT0018088","MI0016067","TFEC","FRA7G","chromosome7"
"miRNAid_412","hsa-miR-6132","+","MIMAT0024616","MI0021277","CAPZA2","FRA7G","chromosome7"
"miRNAid_413","hsa-miR-335-5p","+","MIMAT0000765","MI0000816","COPG2","FRA7H","chromosome7"
"miRNAid_414","hsa-miR-29b-3p","-","MIMAT00001001","MI0000105","MEST","FRA7H","chromosome7"
"miRNAid_415","hsa-miR-29a-3p","-","MIMAT0000086","MI0000087","CEP41","FRA7H","chromosome7"
"miRNAid_416","hsa-miR-671-5p","+","MIMAT0003880","MI0003760","TMUB1","FRA7I","chromosome7"
"miRNAid_417","hsa-miR-671-3p","+","MIMAT0004819","MI0003760","DPP6","FRA7I","chromosome7"
"miRNAid_418","hsa-miR-5707","+","MIMAT0022501","MI0019315","ZNF775","FRA7I","chromosome7"
"miRNAid_419","hsa-miR-153-5p","-","MIMAT0026480","MI0000464","KRBA1","FRA7I","chromosome7"
"miRNAid_420","hsa-miR-595","-","MIMAT0003263","MI0003607","REPIN1","FRA7I","chromosome7"
"miRNAid_421","hsa-miR-3907","-","MIMAT0018179","MI0016410","GALNTL5","FRA7I","chromosome7"
"miRNAid_422","hsa-miR-153-3p","-","MIMAT00004391","MI0000464","DNAJB6","FRA7I","chromosome7"
"miRNAid_423","hsa-miR-6839-5p","+","MIMAT0027580","MI0022685","TMEM248","FRA7J","chromosome7"
"miRNAid_424","hsa-miR-3914","+","MIMAT00181881","MI0016421","ELN","FRA7J","chromosome7"
"miRNAid_425","hsa-miR-4650-3p","+","MIMAT00197141","MI0017278","STYXL1","FRA7J","chromosome7"
"miRNAid_426","hsa-miR-4650-5p","+","MIMAT00197131","MI0017278","GTF2IRD2B","FRA7J","chromosome7"
"miRNAid_427","hsa-miR-4283","+","MIMAT00169141","MI0015982","CLIP2","FRA7J","chromosome7"
"miRNAid_428","hsa-miR-3914","-","MIMAT0018188","MI0016419","AUTS2","FRA7J","chromosome7"
"miRNAid_429","hsa-miR-590-3p","+","MIMAT0004801","MI0003602","ABHD11","FRA7J","chromosome7"
"miRNAid_430","hsa-miR-4650-5p","-","MIMAT0019713","MI0017277","ZNF736","FRA7J","chromosome7"
"miRNAid_431","hsa-miR-590-5p","+","MIMAT0003258","MI0003602","HIP1","FRA7J","chromosome7"
"miRNAid_432","hsa-miR-4651","+","MIMAT0019715","MI0017279","LAT2","FRA7J","chromosome7"
"miRNAid_433","hsa-miR-3666","+","NA","MI0016067","LAMB1","FRA7K","chromosome7"
"miRNAid_434","hsa-miR-5680","+","MIMAT0022468","MI0019280","ZFPM2","FRA8A","chromosome8"
"miRNAid_435","hsa-miR-548a-5p","-","MIMAT0004803","MI0003612","DCAF13","FRA8A","chromosome8"
"miRNAid_436","hsa-miR-548a-3p","-","MIMAT00032512","MI0003612","BAALC","FRA8A","chromosome8"
"miRNAid_437","hsa-miR-3151-5p","+","MIMAT0015024","MI0014178","NCALD","FRA8A","chromosome8"
"miRNAid_438","hsa-miR-3151-3p","+","MIMAT0027026","MI0014178","DPYS","FRA8A","chromosome8"
"miRNAid_439","hsa-miR-3150b-5p","-","MIMAT0019226","MI0016426","UQCRB","FRA8B","chromosome8"
"miRNAid_440","hsa-miR-3150b-3p","-","MIMAT0018194","MI0016426","NDUFAF6","FRA8B","chromosome8"
"miRNAid_441","hsa-miR-3150a-5p","+","MIMAT0019206","MI0014177","PDP1","FRA8B","chromosome8"
"miRNAid_442","hsa-miR-3150a-3p","+","MIMAT0015023","MI0014177","FAM92A","FRA8B","chromosome8"
"miRNAid_443","hsa-miR-378d","-","MIMAT00189261","MI0003840","MTDH","FRA8B","chromosome8"
"miRNAid_444","hsa-miR-548aa","+","MIMAT00184471","MI0016689","SAMD12","FRA8C","chromosome8"
"miRNAid_445","hsa-miR-548d-5p","-","MIMAT00048121","MI0003668","FAM83A","FRA8C","chromosome8"
"miRNAid_446","hsa-miR-4662a-5p","+","MIMAT0019731","MI0017290","NSMCE2","FRA8C","chromosome8"
"miRNAid_447","hsa-miR-4663","-","MIMAT0019735","MI0017292","TBC1D31","FRA8C","chromosome8"
"miRNAid_448","hsa-miR-6844","-","MIMAT0027589","MI0022690","TAF2","FRA8C","chromosome8"
"miRNAid_449","hsa-miR-4662b","-","MIMAT0019736","MI0017293","TATDN1","FRA8C","chromosome8"
"miRNAid_450","hsa-miR-548az-5p","+","MIMAT0025456","MI0022212","ATAD2","FRA8C","chromosome8"
"miRNAid_451","hsa-miR-4664-3p","-","MIMAT0019738","MI0017294","PARP10","FRA8D","chromosome8"
"miRNAid_452","hsa-miR-6847-5p","+","MIMAT0027594","MI0022693","PTK2","FRA8D","chromosome8"
"miRNAid_453","hsa-miR-939-5p","-","MIMAT0004982","MI0005761","TOP1MT","FRA8D","chromosome8"
"miRNAid_454","hsa-miR-151a-5p","-","MIMAT0004697","MI0000809","CYHR1","FRA8D","chromosome8"
"miRNAid_455","hsa-miR-6849-3p","-","MIMAT0027599","MI0022695","GRINA","FRA8D","chromosome8"
"miRNAid_456","hsa-miR-6848-5p","-","MIMAT0027596","MI0022694","LY6E","FRA8D","chromosome8"
"miRNAid_457","hsa-miR-6847-3p","+","MIMAT0027595","MI0022693","SLC52A2","FRA8D","chromosome8"
"miRNAid_458","hsa-miR-6850-5p","-","MIMAT0027600","MI0022696","ZNF7","FRA8D","chromosome8"
"miRNAid_459","hsa-miR-1302","-","MIMAT00058908","MI0006368","MROH6","FRA8D","chromosome8"
"miRNAid_460","hsa-miR-937-5p","-","MIMAT0022938","MI0005759","LY6K","FRA8D","chromosome8"
"miRNAid_461","hsa-miR-6893-3p","-","MIMAT0027687","MI0022740","ZNF623","FRA8D","chromosome8"
"miRNAid_462","hsa-miR-6893-5p","-","MIMAT0027686","MI0022740","EEF1D","FRA8D","chromosome8"
"miRNAid_463","hsa-miR-1234-3p","-","MIMAT0005589","MI0006324","MAF1","FRA8D","chromosome8"
"miRNAid_464","hsa-miR-6846-5p","-","MIMAT0027592","MI0022692","GPT","FRA8D","chromosome8"
"miRNAid_465","hsa-miR-7112-3p","-","MIMAT0028122","MI0022963","PYCRL","FRA8D","chromosome8"
"miRNAid_466","hsa-miR-7112-5p","-","MIMAT0028121","MI0022963","ZNF707","FRA8D","chromosome8"
"miRNAid_467","hsa-miR-937-3p","-","MIMAT0004980","MI0005759","GPAA1","FRA8D","chromosome8"
"miRNAid_468","hsa-miR-6848-3p","-","MIMAT0027597","MI0022694","RP13","FRA8D","chromosome8"
"miRNAid_469","hsa-miR-4472","+","MIMAT00189991","MI0016823","DENND3","FRA8D","chromosome8"
"miRNAid_470","hsa-miR-6849-5p","-","MIMAT0027598","MI0022695","TSNARE1","FRA8D","chromosome8"
"miRNAid_471","hsa-miR-6850-3p","-","MIMAT0027601","MI0022696","SHARPIN","FRA8D","chromosome8"
"miRNAid_472","hsa-miR-548aa","+","MIMAT00184471","MI0016689","SAMD12","FRA8E","chromosome8"
"miRNAid_473","hsa-miR-548d-5p","-","MIMAT00048121","MI0003668","FAM83A","FRA8E","chromosome8"
"miRNAid_474","hsa-miR-4662a-5p","+","MIMAT0019731","MI0017290","NSMCE2","FRA8E","chromosome8"
"miRNAid_475","hsa-miR-4663","-","MIMAT0019735","MI0017292","TBC1D31","FRA8E","chromosome8"
"miRNAid_476","hsa-miR-6844","-","MIMAT0027589","MI0022690","TAF2","FRA8E","chromosome8"
"miRNAid_477","hsa-miR-4662b","-","MIMAT0019736","MI0017293","TATDN1","FRA8E","chromosome8"
"miRNAid_478","hsa-miR-548az-5p","+","MIMAT0025456","MI0022212","ATAD2","FRA8E","chromosome8"
"miRNAid_479","hsa-miR-873-5p","-","MIMAT0004953","MI0005564","FOCAD","FRA9C","chromosome9"
"miRNAid_480","hsa-miR-491-3p","+","MIMAT0004765","MI0003126","EQTN","FRA9C","chromosome9"
"miRNAid_481","hsa-miR-876-3p","-","MIMAT0004925","MI0005542","APTX","FRA9C","chromosome9"
"miRNAid_482","hsa-miR-4474-5p","-","MIMAT0019234","MI0016826","IFNA4","FRA9C","chromosome9"
"miRNAid_483","hsa-miR-4473","-","MIMAT0019000","MI0016825","DDX58","FRA9C","chromosome9"
"miRNAid_484","hsa-miR-4474-3p","-","MIMAT0019001","MI0016826","IFNA8","FRA9C","chromosome9"
"miRNAid_485","hsa-miR-876-5p","-","MIMAT0004924","MI0005542","C9orf72","FRA9C","chromosome9"
"miRNAid_486","hsa-miR-31-5p","-","MIMAT0000089","MI0000089","KLHL9","FRA9C","chromosome9"
"miRNAid_487","hsa-miR-873-3p","-","MIMAT0022717","MI0005564","ELAVL2","FRA9C","chromosome9"
"miRNAid_488","hsa-miR-3910","-","MIMAT00181841","MI0016431","ROR2","FRA9D","chromosome9"
"miRNAid_489","hsa-miR-3910","+","MIMAT0018184","MI0016414","DIRAS2","FRA9D","chromosome9"
"miRNAid_490","hsa-miR-455","+","NA","MI0003513","ZFP37","FRA9E","chromosome9"
"miRNAid_491","hsa-miR-4289","-","NA","MI0015898","INIP","FRA9E","chromosome9"
"miRNAid_492","hsa-miR-455","+","NA","MI0003513","TXNDC8","FRA9E","chromosome9"
"miRNAid_493","hsa-mir-4474 ","-","NA","MI0016826","ASTN2","FRA9E","chromosome9"
"miRNAid_494","hsa-mir-873 ","-","NA","MI0005564","PALM2","FRA9E","chromosome9"
"miRNAid_495","hsa-miR-4477b","+","MIMAT00190051","MI0016830","CBWD5","FRA9F","chromosome9"
"miRNAid_496","hsa-miR-6715b-5p","-","MIMAT0025842","MI0022549","C10orf82","FRA10A","chromosome10"
"miRNAid_497","hsa-miR-4681","+","MIMAT0019766","MI0017313","DHX32","FRA10A","chromosome10"
"miRNAid_498","hsa-miR-3158-3p","-","MIMAT00150321","MI0014187","TCF7L2","FRA10A","chromosome10"
"miRNAid_499","hsa-miR-6507-5p","-","MIMAT0025470","MI0022219","CCDC186","FRA10A","chromosome10"
"miRNAid_500","hsa-miR-6715b-3p","-","MIMAT0025843","MI0022549","LZTS2","FRA10A","chromosome10"
"miRNAid_501","hsa-miR-3158-3p","+","MIMAT0015032","MI0014186","TDRD1","FRA10A","chromosome10"
"miRNAid_502","hsa-miR-3944-5p","-","MIMAT0019231","MI0016601","C10orf90","FRA10A","chromosome10"
"miRNAid_503","hsa-miR-3944-3p","-","MIMAT0018360","MI0016601","SEC23IP","FRA10A","chromosome10"
"miRNAid_504","hsa-miR-3158-5p","+","MIMAT0019211","MI0014186","RRP12","FRA10A","chromosome10"
"miRNAid_505","hsa-miR-548e-5p","+","MIMAT0026736","MI0006344","FGFR2","FRA10A","chromosome10"
"miRNAid_506","hsa-miR-202-3p","-","MIMAT0002811","MI0003130","UROS","FRA10A","chromosome10"
"miRNAid_507","hsa-miR-4682","+","MIMAT0019767","MI0017314","ANKRD2","FRA10A","chromosome10"
"miRNAid_508","hsa-miR-548e-3p","+","MIMAT0005874","MI0006344","ABLIM1","FRA10A","chromosome10"
"miRNAid_509","hsa-miR-4482-5p","-","MIMAT0019016","MI0016843","BLOC1S2","FRA10A","chromosome10"
"miRNAid_510","hsa-miR-609","-","MIMAT0003277","MI0003622","CFAP58","FRA10A","chromosome10"
"miRNAid_511","hsa-miR-3941","+","MIMAT0018357","MI0016598","CALY","FRA10A","chromosome10"
"miRNAid_512","hsa-miR-4296","-","MIMAT0016845","MI0015823","NOLC1","FRA10A","chromosome10"
"miRNAid_513","hsa-miR-146b-5p","+","MIMAT0002809","MI0003129","PTPRE","FRA10A","chromosome10"
"miRNAid_514","hsa-miR-6715a-3p","+","MIMAT0025841","MI0022548","MRPL43","FRA10A","chromosome10"
"miRNAid_515","hsa-miR-1307-5p","-","MIMAT0022727","MI0006444","INPP5F","FRA10A","chromosome10"
"miRNAid_516","hsa-miR-4484","+","MIMAT0019018","MI0016845","ATRNL1","FRA10A","chromosome10"
"miRNAid_517","hsa-miR-4685-3p","-","MIMAT0019772","MI0017317","ZNF511","FRA10A","chromosome10"
"miRNAid_518","hsa-miR-3663-3p","-","MIMAT0018085","MI0016064","SEMA4G","FRA10A","chromosome10"
"miRNAid_519","hsa-miR-4483","-","MIMAT0019017","MI0016844","FANK1","FRA10A","chromosome10"
"miRNAid_520","hsa-miR-1307-3p","-","MIMAT0005951","MI0006444","INPP5A","FRA10A","chromosome10"
"miRNAid_521","hsa-miR-378c","-","MIMAT0016847","MI0015825","USMG5","FRA10A","chromosome10"
"miRNAid_522","hsa-miR-1287-5p","-","MIMAT0005878","MI0006349","MGEA5","FRA10A","chromosome10"
"miRNAid_523","hsa-miR-2110","-","MIMAT0010133","MI0010629","CTBP2","FRA10A","chromosome10"
"miRNAid_524","hsa-miR-4680-3p","+","MIMAT0019765","MI0017312","MMS19","FRA10A","chromosome10"
"miRNAid_525","hsa-miR-202-5p","-","MIMAT0002810","MI0003130","PLEKHS1","FRA10A","chromosome10"
"miRNAid_526","hsa-miR-4295","+","MIMAT0016844","MI0015822","DPCD","FRA10A","chromosome10"
"miRNAid_527","hsa-miR-1287-3p","-","MIMAT0026738","MI0006349","HPS1","FRA10A","chromosome10"
"miRNAid_528","hsa-miR-936","-","MIMAT0004979","MI0005758","TACC2","FRA10A","chromosome10"
"miRNAid_529","hsa-mir-4680 ","+","NA","MI0017312","GPAM","FRA10B","chromosome10"
"miRNAid_530","hsa-mir-548e ","+","NA","MI0006344","NRAP","FRA10B","chromosome10"
"miRNAid_531","hsa-mir-6715b ","-","NA","MI0022549","ZDHHC6","FRA10B","chromosome10"
"miRNAid_532","hsa-mir-6715a ","+","NA","MI0022548","TDRD1","FRA10B","chromosome10"
"miRNAid_533","hsa-mir-4295 ","+","NA","MI0015822","PLEKHS1","FRA10B","chromosome10"
"miRNAid_534","hsa-miR-3924","-","MIMAT0018199","MI0016432","PCDH15","FRA10C","chromosome10"
"miRNAid_535","hsa-miR-7151-5p","-","MIMAT0028212","MI0023611","RHOBTB1","FRA10C","chromosome10"
"miRNAid_536","hsa-miR-1254","+","MIMAT00059051","MI0006388","ANK3","FRA10C","chromosome10"
"miRNAid_537","hsa-miR-548f-3p","-","MIMAT0005895","MI0006374","MRLN","FRA10C","chromosome10"
"miRNAid_538","hsa-miR-7151-3p","-","MIMAT0028213","MI0023611","COL13A1","FRA10C","chromosome10"
"miRNAid_539","hsa-miR-6715b-5p","-","MIMAT0025842","MI0022549","MMRN2","FRA10D","chromosome10"
"miRNAid_540","hsa-miR-607","-","MIMAT0003275","MI0003620","NUTM2B","FRA10D","chromosome10"
"miRNAid_541","hsa-miR-3158-3p","-","MIMAT00150321","MI0014187","SLC16A12","FRA10D","chromosome10"
"miRNAid_542","hsa-miR-3158-3p","+","MIMAT0015032","MI0014186","KCNMA1","FRA10D","chromosome10"
"miRNAid_543","hsa-miR-3944-5p","-","MIMAT0019231","MI0016601","SORBS1","FRA10D","chromosome10"
"miRNAid_544","hsa-miR-3944-3p","-","MIMAT0018360","MI0016601","ENTPD1","FRA10D","chromosome10"
"miRNAid_545","hsa-miR-3157-3p","-","MIMAT0019210","MI0014185","ATAD1","FRA10D","chromosome10"
"miRNAid_546","hsa-miR-4679","+","MIMAT00197631","MI0017310","RNLS","FRA10D","chromosome10"
"miRNAid_547","hsa-miR-107","-","MIMAT0000104","MI0000114","DUSP13","FRA10D","chromosome10"
"miRNAid_548","hsa-miR-2110","-","MIMAT0010133","MI0010629","C10orf11","FRA10D","chromosome10"
"miRNAid_549","hsa-miR-4482-3p","-","MIMAT0020958","MI0016843","LGI1","FRA10D","chromosome10"
"miRNAid_550","hsa-miR-4678","+","MIMAT0019762","MI0017309","LIPJ","FRA10D","chromosome10"
"miRNAid_551","hsa-mir-4680 ","+","NA","MI0017312","TCF7L2","FRA10E","chromosome10"
"miRNAid_552","hsa-mir-548e ","+","NA","MI0006344","TCF7L2","FRA10E","chromosome10"
"miRNAid_553","hsa-mir-6715b ","-","NA","MI0022549","TCF7L2","FRA10E","chromosome10"
"miRNAid_554","hsa-mir-6715a ","+","NA","MI0022548","TCF7L2","FRA10E","chromosome10"
"miRNAid_555","hsa-mir-4295 ","+","NA","MI0015822","TCF7L2","FRA10E","chromosome10"
"miRNAid_556","hsa-mir-4681 ","+","NA","MI0017313","C10orf120","FRA10F","chromosome10"
"miRNAid_557","hsa-mir-4682 ","+","NA","MI0017314","HTRA1","FRA10F","chromosome10"
"miRNAid_558","hsa-mir-3941 ","+","NA","MI0016598","INPP5F","FRA10F","chromosome10"
"miRNAid_559","hsa-mir-4296 ","-","NA","MI0015823","PSTK","FRA10F","chromosome10"
"miRNAid_560","hsa-miR-3156-3p","+","MIMAT0019209","MI0014184","PTPN20","FRA10G","chromosome10"
"miRNAid_561","hsa-miR-5100","+","MIMAT0022259","MI0019116","SYT15","FRA10G","chromosome10"
"miRNAid_562","hsa-miR-605-3p","+","MIMAT0026621","MI0003618","MAPK8","FRA10G","chromosome10"
"miRNAid_563","hsa-miR-605-5p","+","MIMAT0003273","MI0003618","CXCL12","FRA10G","chromosome10"
"miRNAid_564","hsa-miR-548k","+","MIMAT0005882","MI0006354","TESMIN","FRA11A","chromosome11"
"miRNAid_565","hsa-miR-3164","+","MIMAT0015038","MI0014194","PPP6R3","FRA11A","chromosome11"
"miRNAid_566","hsa-miR-4492","+","MIMAT0019027","MI0016854","CADM1","FRA11B","chromosome11"
"miRNAid_567","hsa-miR-3656","+","MIMAT0018076","MI0016056","HYOU1","FRA11B","chromosome11"
"miRNAid_568","hsa-miR-6756-5p","-","MIMAT0027412","MI0022601","APOA1","FRA11B","chromosome11"
"miRNAid_569","hsa-miR-6716-5p","+","MIMAT0025844","MI0022550","TMEM25","FRA11B","chromosome11"
"miRNAid_570","hsa-miR-6756-3p","-","MIMAT0027413","MI0022601","NXPE1","FRA11B","chromosome11"
"miRNAid_571","hsa-miR-6716-3p","+","MIMAT0025845","MI0022550","TMPRSS4","FRA11B","chromosome11"
"miRNAid_572","hsa-miR-4694-3p","-","MIMAT0019787","MI0017327","ABCC8","FRA11C","chromosome11"
"miRNAid_573","hsa-miR-3159","+","MIMAT0015033","MI0014188","MRGPRX3","FRA11C","chromosome11"
"miRNAid_574","hsa-miR-4694-5p","-","MIMAT0019786","MI0017327","PTPN5","FRA11C","chromosome11"
"miRNAid_575","hsa-miR-3973","+","MIMAT0019358","MI0016991","CD44","FRA11E","chromosome11"
"miRNAid_576","hsa-miR-1343-3p","+","MIMAT0019776","MI0017320","SLC1A2","FRA11E","chromosome11"
"miRNAid_577","hsa-miR-6755-3p","+","MIMAT0027411","MI0022600","PICALM","FRA11F","chromosome11"
"miRNAid_578","hsa-miR-3166","+","MIMAT0015040","MI0014196","SYTL2","FRA11F","chromosome11"
"miRNAid_579","hsa-mir-6716 ","+","NA","MI0022550","SIDT2","FRA11G","chromosome11"
"miRNAid_580","hsa-mir-4492 ","+","NA","MI0016854","TAGLN","FRA11G","chromosome11"
"miRNAid_581","hsa-mir-6756 ","-","NA","MI0022601","RNF214","FRA11G","chromosome11"
"miRNAid_582","hsa-mir-6749 ","-","NA","MI0022594","NCAM1","FRA11G","chromosome11"
"miRNAid_583","hsa-mir-4489 ","+","NA","MI0016850","ZPR1","FRA11G","chromosome11"
"miRNAid_584","hsa-mir-3664 ","-","NA","MI0016065","APOC3","FRA11G","chromosome11"
"miRNAid_585","hsa-miR-6753-3p","+","MIMAT0027407","MI0022598","KLC2","FRA11H","chromosome11"
"miRNAid_586","hsa-miR-3664-5p","-","MIMAT0018086","MI0016065","TM7SF2","FRA11H","chromosome11"
"miRNAid_587","hsa-miR-194-3p","-","MIMAT0004671","MI0000732","XRRA1","FRA11H","chromosome11"
"miRNAid_588","hsa-miR-7113-3p","+","MIMAT0028124","MI0022964","CABP2","FRA11H","chromosome11"
"miRNAid_589","hsa-miR-326","-","MIMAT0000756","MI0000808","TRPT1","FRA11H","chromosome11"
"miRNAid_590","hsa-miR-139-3p","-","MIMAT0004552","MI0000261","CLPB","FRA11H","chromosome11"
"miRNAid_591","hsa-miR-1237-5p","+","MIMAT0022946","MI0006327","ANKRD13D","FRA11H","chromosome11"
"miRNAid_592","hsa-miR-6753-5p","+","MIMAT0027406","MI0022598","TCIRG1","FRA11H","chromosome11"
"miRNAid_593","hsa-miR-3165","-","MIMAT0015039","MI0014195","RASGRP2","FRA11H","chromosome11"
"miRNAid_594","hsa-miR-4692","+","MIMAT0019783","MI0017325","ATG16L2","FRA11H","chromosome11"
"miRNAid_595","hsa-miR-7155-3p","-","MIMAT0028221","MI0023615","MARK2","FRA11H","chromosome11"
"miRNAid_596","hsa-miR-6879-3p","+","MIMAT0027659","MI0022726","NUDT8","FRA11H","chromosome11"
"miRNAid_597","hsa-miR-4691-5p","+","MIMAT0019781","MI0017324","CAPN5","FRA11H","chromosome11"
"miRNAid_598","hsa-miR-548al","+","MIMAT0019024","MI0016851","NAALADL1","FRA11H","chromosome11"
"miRNAid_599","hsa-miR-6754-3p","+","MIMAT0027409","MI0022599","SF1","FRA11H","chromosome11"
"miRNAid_600","hsa-miR-612","+","MIMAT0003280","MI0003625","CHRDL2","FRA11H","chromosome11"
"miRNAid_601","hsa-miR-548k","+","MIMAT0005882","MI0006354","ARAP1","FRA11H","chromosome11"
"miRNAid_602","hsa-miR-6752-3p","+","MIMAT0027405","MI0022597","SCYL1","FRA11H","chromosome11"
"miRNAid_603","hsa-miR-6749-5p","-","MIMAT0027398","MI0022594","P2RY6","FRA11H","chromosome11"
"miRNAid_604","hsa-miR-6750-3p","-","MIMAT0027401","MI0022595","FOLR1","FRA11H","chromosome11"
"miRNAid_605","hsa-miR-6860","+","MIMAT0027622","MI0022707","PC","FRA11H","chromosome11"
"miRNAid_606","hsa-miR-4690-3p","+","MIMAT0019780","MI0017323","DHCR7","FRA11H","chromosome11"
"miRNAid_607","hsa-miR-4691-3p","+","MIMAT0019782","MI0017324","ALDH3B1","FRA11H","chromosome11"
"miRNAid_608","hsa-miR-4696","-","MIMAT0019790","MI0017329","RBM4","FRA11H","chromosome11"
"miRNAid_609","hsa-miR-139-5p","-","MIMAT0000250","MI0000261","DRAP1","FRA11H","chromosome11"
"miRNAid_610","hsa-miR-6754-5p","+","MIMAT0027408","MI0022599","ARL2","FRA11H","chromosome11"
"miRNAid_611","hsa-miR-6750-5p","-","MIMAT0027400","MI0022595","NAA40","FRA11H","chromosome11"
"miRNAid_612","hsa-miR-7155-5p","-","MIMAT0028220","MI0023615","C11orf84","FRA11H","chromosome11"
"miRNAid_613","hsa-miR-1237-3p","+","MIMAT0005592","MI0006327","CNIH2","FRA11H","chromosome11"
"miRNAid_614","hsa-miR-6752-5p","+","MIMAT0027404","MI0022597","COA4","FRA11H","chromosome11"
"miRNAid_615","hsa-miR-3163","-","MIMAT0015037","MI0014193","POLD4","FRA11H","chromosome11"
"miRNAid_616","hsa-miR-4489","+","MIMAT0019023","MI0016850","LIPT2","FRA11H","chromosome11"
"miRNAid_617","hsa-miR-192-5p","-","MIMAT0000222","MI0000234","ARRB1","FRA11H","chromosome11"
"miRNAid_618","hsa-miR-6751-3p","-","MIMAT0027403","MI0022596","STARD10","FRA11H","chromosome11"
"miRNAid_619","hsa-miR-6751-5p","-","MIMAT0027402","MI0022596","BBS1","FRA11H","chromosome11"
"miRNAid_620","hsa-miR-7113-5p","+","MIMAT0028123","MI0022964","FCHSD2","FRA11H","chromosome11"
"miRNAid_621","hsa-miR-3164","+","MIMAT0015038","MI0014194","SERPINH1","FRA11H","chromosome11"
"miRNAid_622","hsa-miR-6879-5p","+","MIMAT0027658","MI0022726","CAPN1","FRA11H","chromosome11"
"miRNAid_623","hsa-mir-3159 ","+","NA","MI0014188","SERGEF","FRA11I","chromosome11"
"miRNAid_624","hsa-mir-4486 ","+","NA","MI0016847","NAV2","FRA11I","chromosome11"
"miRNAid_625","hsa-mir-4694 ","-","NA","MI0017327","OTOG","FRA11I","chromosome11"
"miRNAid_626","hsa-miR-6505-3p","+","MIMAT0025467","MI0022217","PFKM","FRA12A","chromosome12"
"miRNAid_627","hsa-miR-1293","-","MIMAT0005883","MI0006355","PCBP2","FRA12A","chromosome12"
"miRNAid_628","hsa-miR-6505-5p","+","MIMAT0025466","MI0022217","SMUG1","FRA12A","chromosome12"
"miRNAid_629","hsa-miR-4701-5p","-","MIMAT0019798","MI0017334","SMARCD1","FRA12A","chromosome12"
"miRNAid_630","hsa-miR-615-3p","+","MIMAT0003283","MI0003628","HNRNPA1","FRA12A","chromosome12"
"miRNAid_631","hsa-miR-196a-3p","+","MIMAT0004562","MI0000279","LMBR1L","FRA12A","chromosome12"
"miRNAid_632","hsa-miR-4701-3p","-","MIMAT0019799","MI0017334","COX14","FRA12A","chromosome12"
"miRNAid_633","hsa-miR-6757-5p","+","MIMAT0027414","MI0022602","C12orf10","FRA12A","chromosome12"
"miRNAid_634","hsa-miR-148b-5p","+","MIMAT0004699","MI0000811","FAIM2","FRA12A","chromosome12"
"miRNAid_635","hsa-miR-4494","-","MIMAT0019029","MI0016856","ARF3","FRA12A","chromosome12"
"miRNAid_636","hsa-miR-1291","-","MIMAT0005881","MI0006353","VDR","FRA12A","chromosome12"
"miRNAid_637","hsa-miR-6757-3p","+","MIMAT0027415","MI0022602","KRT8","FRA12A","chromosome12"
"miRNAid_638","hsa-miR-615-5p","+","MIMAT0004804","MI0003628","LIMA1","FRA12A","chromosome12"
"miRNAid_639","hsa-miR-148b-3p","+","MIMAT0000759","MI0000811","KANSL2","FRA12A","chromosome12"
"miRNAid_640","hsa-miR-196a-5p","+","MIMAT0000226","MI0000279","NR4A1","FRA12A","chromosome12"
"miRNAid_641","hsa-miR-3198","-","MIMAT0015083","MI0017335","AAAS","FRA12A","chromosome12"
"miRNAid_642","hsa-miR-4699-5p","+","MIMAT0019794","MI0017332","ATP2B1","FRA12B","chromosome12"
"miRNAid_643","hsa-miR-618","-","MIMAT0003287","MI0003632","TSPAN19","FRA12B","chromosome12"
"miRNAid_644","hsa-miR-4699-3p","+","MIMAT0019795","MI0017332","PPFIA2","FRA12B","chromosome12"
"miRNAid_645","hsa-miR-617","-","MIMAT0003286","MI0003631","PTPRQ","FRA12B","chromosome12"
"miRNAid_646","hsa-miR-4498","-","MIMAT0019033","MI0016860","CABP1","FRA12C","chromosome12"
"miRNAid_647","hsa-miR-620","-","MIMAT0003289","MI0003634","TAOK3","FRA12C","chromosome12"
"miRNAid_648","hsa-miR-1178-5p","-","MIMAT0022940","MI0006271","COQ5","FRA12C","chromosome12"
"miRNAid_649","hsa-miR-4472","-","MIMAT0018999","MI0016824","PXN","FRA12C","chromosome12"
"miRNAid_650","hsa-miR-1178-3p","-","MIMAT0005823","MI0006271","RFC5","FRA12C","chromosome12"
"miRNAid_651","hsa-miR-6762-5p","+","MIMAT0027424","MI0022607","OAS1","FRA12D","chromosome12"
"miRNAid_652","hsa-miR-6762-3p","+","MIMAT0027425","MI0022607","RITA1","FRA12D","chromosome12"
"miRNAid_653","hsa-miR-7106-5p","-","MIMAT0028109","MI0022957","RPH3A","FRA12D","chromosome12"
"miRNAid_654","hsa-miR-4700-5p","+","MIMAT0019796","MI0017333","MPHOSPH9","FRA12E","chromosome12"
"miRNAid_655","hsa-miR-7106-3p","-","MIMAT0028110","MI0022957","EP400","FRA12E","chromosome12"
"miRNAid_656","hsa-miR-6762-5p","+","MIMAT0027424","MI0022607","ZNF84","FRA12E","chromosome12"
"miRNAid_657","hsa-miR-6880-3p","-","MIMAT0027661","MI0022727","ABCB9","FRA12E","chromosome12"
"miRNAid_658","hsa-miR-5188","+","MIMAT0021119","MI0018167","ANKLE2","FRA12E","chromosome12"
"miRNAid_659","hsa-miR-4497","+","MIMAT0019032","MI0016859","EIF2B1","FRA12E","chromosome12"
"miRNAid_660","hsa-miR-7106-5p","-","MIMAT0028109","MI0022957","OGFOD2","FRA12E","chromosome12"
"miRNAid_661","hsa-miR-4472","-","MIMAT0018999","MI0016824","C12orf65","FRA12E","chromosome12"
"miRNAid_662","hsa-miR-6861-3p","-","MIMAT0027624","MI0022708","VPS37B","FRA12E","chromosome12"
"miRNAid_663","hsa-miR-4419b","+","MIMAT0019034","MI0016861","NCOR2","FRA12E","chromosome12"
"miRNAid_664","hsa-miR-6763-3p","+","MIMAT0027427","MI0022608","TMEM120B","FRA12E","chromosome12"
"miRNAid_665","hsa-miR-6760-3p","+","MIMAT0027421","MI0022605","PSMD9","FRA12E","chromosome12"
"miRNAid_666","hsa-miR-1178-3p","-","MIMAT0005823","MI0006271","P2RX2","FRA12E","chromosome12"
"miRNAid_667","hsa-miR-6763-5p","+","MIMAT0027426","MI0022608","TRAFD1","FRA12E","chromosome12"
"miRNAid_668","hsa-miR-6761-3p","+","MIMAT0027423","MI0022606","GTF2H3","FRA12E","chromosome12"
"miRNAid_669","hsa-miR-3612","+","MIMAT0017989","MI0016002","ACACB","FRA12E","chromosome12"
"miRNAid_670","hsa-miR-7107-3p","-","MIMAT0028112","MI0022958","MMAB","FRA12E","chromosome12"
"miRNAid_671","hsa-miR-4700-3p","+","MIMAT0019797","MI0017333","PUS1","FRA12E","chromosome12"
"miRNAid_672","hsa-miR-4498","-","MIMAT0019033","MI0016860","TCTN2","FRA12E","chromosome12"
"miRNAid_673","hsa-miR-7107-5p","-","MIMAT0028111","MI0022958","ALKBH2","FRA12E","chromosome12"
"miRNAid_674","hsa-miR-6880-5p","-","MIMAT0027660","MI0022727","ZNF10","FRA12E","chromosome12"
"miRNAid_675","hsa-miR-3169","-","MIMAT0015044","MI0014200","TDRD3","FRA13B","chromosome13"
"miRNAid_676","hsa-miR-548x-3p","-","MIMAT0015081","MI0016833","DIAPH3","FRA13B","chromosome13"
"miRNAid_677","hsa-miR-4704-3p","+","MIMAT0019804","MI0017337","PCDH17","FRA13B","chromosome13"
"miRNAid_678","hsa-miR-3170","+","MIMAT0015045","MI0014201","DZIP1","FRA13D","chromosome13"
"miRNAid_679","hsa-miR-623","+","MIMAT0003292","MI0003637","IPO5","FRA13D","chromosome13"
"miRNAid_680","hsa-miR-4306","+","MIMAT0016858","MI0015836","GGACT","FRA13D","chromosome13"
"miRNAid_681","hsa-miR-3665","-","MIMAT0018087","MI0016066","EDNRB","FRA13E","chromosome13"
"miRNAid_682","hsa-miR-5586-5p","-","MIMAT0022287","MI0019143","SYNE2","FRA14B","chromosome14"
"miRNAid_683","hsa-miR-625-3p","+","MIMAT0004808","MI0003639","MAX","FRA14B","chromosome14"
"miRNAid_684","hsa-miR-625-5p","+","MIMAT0003294","MI0003639","ATP6V1D","FRA14B","chromosome14"
"miRNAid_685","hsa-miR-5586-3p","-","MIMAT0022288","MI0019143","RDH11","FRA14B","chromosome14"
"miRNAid_686","hsa-miR-4708-3p","-","MIMAT0019810","MI0017341","PCNX4","FRA14B","chromosome14"
"miRNAid_687","hsa-miR-5694","-","MIMAT0022487","MI0019301","MTHFD1","FRA14B","chromosome14"
"miRNAid_688","hsa-miR-548h-5p","-","MIMAT0005928","MI0006411","CHURC1","FRA14B","chromosome14"
"miRNAid_689","hsa-miR-4708-5p","-","MIMAT0019809","MI0017341","L3HYPDH","FRA14B","chromosome14"
"miRNAid_690","hsa-miR-7855-5p","-","MIMAT0030430","MI0025525","TRMT5","FRA14B","chromosome14"
"miRNAid_691","hsa-miR-2116-3p","-","MIMAT0011161","MI0010635","IGDCC3","FRA15A","chromosome15"
"miRNAid_692","hsa-miR-1272","-","MIMAT0005925","MI0006408","ICE2","FRA15A","chromosome15"
"miRNAid_693","hsa-miR-6085","+","MIMAT0023710","MI0020362","VWA9","FRA15A","chromosome15"
"miRNAid_694","hsa-miR-4512","-","MIMAT0019049","MI0016878","USP3","FRA15A","chromosome15"
"miRNAid_695","hsa-miR-422a","-","MIMAT0001339","MI0001444","HACD3","FRA15A","chromosome15"
"miRNAid_696","hsa-miR-8067","-","MIMAT0030994","MI0025903","DPP8","FRA15A","chromosome15"
"miRNAid_697","hsa-miR-190a-5p","+","MIMAT0000458","MI0000486","RORA","FRA15A","chromosome15"
"miRNAid_698","hsa-miR-4511","-","MIMAT0019048","MI0016877","SMAD6","FRA15A","chromosome15"
"miRNAid_699","hsa-miR-2116-5p","-","MIMAT0011160","MI0010635","ZWILCH","FRA15A","chromosome15"
"miRNAid_700","hsa-miR-4311","+","MIMAT0016863","MI0015841","CSNK1G1","FRA15A","chromosome15"
"miRNAid_701","hsa-miR-6511b-5p","-","MIMAT00258471","MI0023431","C16orf45","FRA16A","chromosome16"
"miRNAid_702","hsa-miR-6770-3p","+","MIMAT0027441","MI0022615","ABCC1","FRA16A","chromosome16"
"miRNAid_703","hsa-miR-3670","+","MIMAT0018093","MI0016071","NPIPA1","FRA16A","chromosome16"
"miRNAid_704","hsa-miR-6506-5p","-","MIMAT0025468","MI0022218","KIAA0430","FRA16A","chromosome16"
"miRNAid_705","hsa-miR-6511a-3p","+","MIMAT0025479","MI0022223","NDE1","FRA16A","chromosome16"
"miRNAid_706","hsa-miR-3179","+","MIMAT0015056","MI0014213","RRN3","FRA16A","chromosome16"
"miRNAid_707","hsa-miR-6511b-3p","-","MIMAT00258481","MI0023431","AC138969.4","FRA16A","chromosome16"
"miRNAid_708","hsa-miR-6511a-3p","+","MIMAT00254791","MI0023564","PDXDC1","FRA16A","chromosome16"
"miRNAid_709","hsa-miR-6511a-3p","+","MIMAT00254792","MI0023565","NTAN1","FRA16A","chromosome16"
"miRNAid_710","hsa-miR-3180","-","MIMAT00181781","MI0016408","FOPNL","FRA16A","chromosome16"
"miRNAid_711","hsa-miR-3180-5p","+","MIMAT0015057","MI0014214","ABCC6","FRA16A","chromosome16"
"miRNAid_712","hsa-miR-6770-5p","+","MIMAT00274401","MI0026418","NPIPA5","FRA16A","chromosome16"
"miRNAid_713","hsa-miR-140-5p","+","MIMAT0000431","MI0000456","ZDHHC1","FRA16B","chromosome16"
"miRNAid_714","hsa-miR-328-3p","-","MIMAT0000752","MI0000804","NQO1","FRA16B","chromosome16"
"miRNAid_715","hsa-miR-6773-5p","-","MIMAT0027446","MI0022618","UTP4","FRA16B","chromosome16"
"miRNAid_716","hsa-miR-6773-3p","-","MIMAT0027447","MI0022618","ATP6V0D1","FRA16B","chromosome16"
"miRNAid_717","hsa-miR-1972","+","MIMAT00094471","MI0015977","CBFB","FRA16B","chromosome16"
"miRNAid_718","hsa-miR-1538","-","MIMAT0007400","MI0007259","NOL3","FRA16B","chromosome16"
"miRNAid_719","hsa-miR-140-3p","+","MIMAT0004597","MI0000456","FAM65A","FRA16B","chromosome16"
"miRNAid_720","hsa-mir-328 ","-","NA","MI0000804","CDH1","FRA16C","chromosome16"
"miRNAid_721","hsa-mir-6773 ","-","NA","MI0022618","CDH1","FRA16C","chromosome16"
"miRNAid_722","hsa-miR-1538","-","NA","MI0007259","CDH1","FRA16C","chromosome16"
"miRNAid_723","hsa-mir-140 ","+","NA","MI0000456","CDH1","FRA16C","chromosome16"
"miRNAid_724","hsa-mir-1972-2 ","+","NA","MI0015977","CDH1","FRA16C","chromosome16"
"miRNAid_725","hsa-miR-140-5p","+","MIMAT0000431","MI0000456","CDYL2","FRA16D","chromosome16"
"miRNAid_726","hsa-miR-328-3p","-","MIMAT0000752","MI0000804","CMC2","FRA16D","chromosome16"
"miRNAid_727","hsa-miR-6773-5p","-","MIMAT0027446","MI0022618","C16orf46","FRA16D","chromosome16"
"miRNAid_728","hsa-miR-1972","+","MIMAT00094471","MI0015977","BCO1","FRA16D","chromosome16"
"miRNAid_729","hsa-miR-1538","-","MIMAT0007400","MI0007259","DYNLRB2","FRA16D","chromosome16"
"miRNAid_730","hsa-miR-140-3p","+","MIMAT0004597","MI0000456","PKD1L2","FRA16D","chromosome16"
"miRNAid_731","hsa-miR-4720-3p","+","MIMAT0019834","MI0017355","ATMIN","FRA16D","chromosome16"
"miRNAid_732","hsa-miR-4720-5p","+","MIMAT0019833","MI0017355","CMIP","FRA16D","chromosome16"
"miRNAid_733","hsa-miR-1273h-3p","+","MIMAT0030416","MI0025512","GTF3C1","FRA16E","chromosome16"
"miRNAid_734","hsa-miR-548w","+","MIMAT0015060","MI0014222","TNRC6A","FRA16E","chromosome16"
"miRNAid_735","hsa-miR-4731-3p","-","MIMAT0019854","MI0017368","ELAC2","FRA17A","chromosome17"
"miRNAid_736","hsa-miR-4731-5p","-","MIMAT0019853","MI0017368","LINC00675","FRA17A","chromosome17"
"miRNAid_737","hsa-miR-744-5p","+","MIMAT0004945","MI0005559","TRIM16","FRA17A","chromosome17"
"miRNAid_738","hsa-miR-744-3p","+","MIMAT0004946","MI0005559","ZNF18","FRA17A","chromosome17"
"miRNAid_739","hsa-miR-1269b","-","MIMAT0019059","MI0016888","TBC1D26","FRA17A","chromosome17"
"miRNAid_740","hsa-miR-3929","-","MIMAT0018206","MI0016439","CCDC178","FRA18A","chromosome18"
"miRNAid_741","hsa-miR-3975","+","MIMAT0019360","MI0016993","ELP2","FRA18A","chromosome18"
"miRNAid_742","hsa-miR-187-5p","-","MIMAT0004561","MI0000274","MAPRE2","FRA18A","chromosome18"
"miRNAid_743","hsa-miR-187-3p","-","MIMAT0000262","MI0000274","ZNF397","FRA18A","chromosome18"
"miRNAid_744","hsa-miR-3591-5p","-","MIMAT0019876","MI0017383","STARD6","FRA18B","chromosome18"
"miRNAid_745","hsa-miR-4529-5p","+","MIMAT0019236","MI0016896","POLI","FRA18B","chromosome18"
"miRNAid_746","hsa-miR-3591-3p","-","MIMAT0019877","MI0017383","MBD2","FRA18B","chromosome18"
"miRNAid_747","hsa-miR-122-3p","+","MIMAT0004590","MI0000442","TCF4","FRA18B","chromosome18"
"miRNAid_748","hsa-miR-5011-5p","+","MIMAT0021045","MI0017879","TMX3","FRA18C","chromosome18"
"miRNAid_749","hsa-miR-4752","+","MIMAT0019889","MI0017391","ZNF28","FRA19A","chromosome19"
"miRNAid_750","hsa-miR-517c-3p","+","MIMAT0002866","MI0003174","ZNF616","FRA19A","chromosome19"
"miRNAid_751","hsa-miR-520g-3p","+","MIMAT0002858","MI0003166","ACTN4","FRA19A","chromosome19"
"miRNAid_752","hsa-miR-4324","-","MIMAT0016876","MI0015854","LILRB4","FRA19A","chromosome19"
"miRNAid_753","hsa-miR-6796-5p","+","MIMAT0027492","MI0022641","TMEM91","FRA19A","chromosome19"
"miRNAid_754","hsa-miR-519a-5p","+","MIMAT0005452","MI0003178","TSEN34","FRA19A","chromosome19"
"miRNAid_755","hsa-miR-519e-5p","+","MIMAT0002828","MI0003145","FCGRT","FRA19A","chromosome19"
"miRNAid_756","hsa-miR-517-5p","+","MIMAT0002851","MI0003161","POU2F2","FRA19A","chromosome19"
"miRNAid_757","hsa-miR-518c-3p","+","MIMAT0002848","MI0003159","CAPNS1","FRA19A","chromosome19"
"miRNAid_758","hsa-miR-519a-3p","+","MIMAT00028691","MI0003182","IRF3","FRA19A","chromosome19"
"miRNAid_759","hsa-miR-372-3p","+","MIMAT0000724","MI0000780","SERTAD3","FRA19A","chromosome19"
"miRNAid_760","hsa-miR-519b-3p","+","MIMAT0002837","MI0003151","ZNF480","FRA19A","chromosome19"
"miRNAid_761","hsa-miR-4749-5p","+","MIMAT0019885","MI0017388","HSPBP1","FRA19A","chromosome19"
"miRNAid_762","hsa-miR-99b-5p","+","MIMAT0000689","MI0000746","RINL","FRA19A","chromosome19"
"miRNAid_763","hsa-miR-516b-5p","+","MIMAT0002859","MI0003167","ZNF814","FRA19A","chromosome19"
"miRNAid_764","hsa-miR-6805-3p","+","MIMAT0027511","MI0022650","PRKD2","FRA19A","chromosome19"
"miRNAid_765","hsa-miR-516b-3p","+","MIMAT00028601","MI0003172","ZNF331","FRA19A","chromosome19"
"miRNAid_766","hsa-miR-6799-5p","+","MIMAT0027498","MI0022644","CEACAM19","FRA19A","chromosome19"
"miRNAid_767","hsa-miR-518f-3p","+","MIMAT0002842","MI0003154","LLNLF","FRA19A","chromosome19"
"miRNAid_768","hsa-miR-330-5p","-","MIMAT0004693","MI0000803","KPTN","FRA19A","chromosome19"
"miRNAid_769","hsa-miR-372-5p","+","MIMAT0026484","MI0000780","C19orf48","FRA19A","chromosome19"
"miRNAid_770","hsa-miR-125a-3p","+","MIMAT0004602","MI0000469","ERCC2","FRA19A","chromosome19"
"miRNAid_771","hsa-miR-4531","-","MIMAT0019070","MI0016898","SYMPK","FRA19A","chromosome19"
"miRNAid_772","hsa-miR-4754","-","MIMAT0019894","MI0017394","PPP5D1","FRA19A","chromosome19"
"miRNAid_773","hsa-miR-371a-3p","+","MIMAT0000723","MI0000779","COX6B2","FRA19A","chromosome19"
"miRNAid_774","hsa-miR-6805-5p","+","MIMAT0027510","MI0022650","HKR1","FRA19A","chromosome19"
"miRNAid_775","hsa-miR-6719-3p","-","MIMAT0025850","MI0022554","SHKBP1","FRA19A","chromosome19"
"miRNAid_776","hsa-miR-642a-5p","+","MIMAT0003312","MI0003657","ZNF780B","FRA19A","chromosome19"
"miRNAid_777","hsa-miR-520b","+","MIMAT0002843","MI0003155","TMEM150B","FRA19A","chromosome19"
"miRNAid_778","hsa-miR-642a-3p","+","MIMAT0020924","MI0003657","ZNF615","FRA19A","chromosome19"
"miRNAid_779","hsa-miR-125a-5p","+","MIMAT0000443","MI0000469","AC003002.6","FRA19A","chromosome19"
"miRNAid_780","hsa-miR-518c-5p","+","MIMAT0002847","MI0003159","DKKL1","FRA19A","chromosome19"
"miRNAid_781","hsa-miR-524-5p","+","MIMAT0002849","MI0003160","FOSB","FRA19A","chromosome19"
"miRNAid_782","hsa-miR-935","+","MIMAT0004978","MI0005757","CCDC155","FRA19A","chromosome19"
"miRNAid_783","hsa-miR-4750-5p","+","MIMAT0019887","MI0017389","APOC2","FRA19A","chromosome19"
"miRNAid_784","hsa-miR-520f-3p","+","MIMAT0002830","MI0003146","RPS5","FRA19A","chromosome19"
"miRNAid_785","hsa-miR-3190-3p","+","MIMAT0022839","MI0014235","CHMP2A","FRA19A","chromosome19"
"miRNAid_786","hsa-miR-521","+","MIMAT0002854","MI0003163","PRPF31","FRA19A","chromosome19"
"miRNAid_787","hsa-miR-520d-5p","+","MIMAT0002855","MI0003164","AC006116.20","FRA19A","chromosome19"
"miRNAid_788","hsa-miR-516b-5p","+","MIMAT00028591","MI0003172","PSG11","FRA19A","chromosome19"
"miRNAid_789","hsa-miR-512-5p","+","MIMAT00028221","MI0003141","FLT3LG","FRA19A","chromosome19"
"miRNAid_790","hsa-miR-526b-3p","+","MIMAT0002836","MI0003150","SYT3","FRA19A","chromosome19"
"miRNAid_791","hsa-miR-6801-3p","+","MIMAT0027503","MI0022646","PTGIR","FRA19A","chromosome19"
"miRNAid_792","hsa-miR-6088","+","MIMAT0023713","MI0020365","USF2","FRA19A","chromosome19"
"miRNAid_793","hsa-miR-371b-3p","-","MIMAT0019893","MI0017393","SPINT2","FRA19A","chromosome19"
"miRNAid_794","hsa-miR-522-3p","+","MIMAT0002868","MI0003177","ZSCAN1","FRA19A","chromosome19"
"miRNAid_795","hsa-miR-150-3p","-","MIMAT0004610","MI0000479","ZNF528","FRA19A","chromosome19"
"miRNAid_796","hsa-miR-518b","+","MIMAT0002844","MI0003156","ZNF468","FRA19A","chromosome19"
"miRNAid_797","hsa-miR-520d-3p","+","MIMAT0002856","MI0003164","GLTSCR1","FRA19A","chromosome19"
"miRNAid_798","hsa-miR-518a-3p","+","MIMAT00028631","MI0003173","MED25","FRA19A","chromosome19"
"miRNAid_799","hsa-miR-512-3p","+","MIMAT00028231","MI0003141","ZNF461","FRA19A","chromosome19"
"miRNAid_800","hsa-miR-3191-3p","-","MIMAT0015075","MI0014236","AKT2","FRA19A","chromosome19"
"miRNAid_801","hsa-miR-518a-5p","+","MIMAT00054571","MI0003173","SIGLEC10","FRA19A","chromosome19"
"miRNAid_802","hsa-miR-6807-5p","+","MIMAT0027514","MI0022652","ZNF551","FRA19A","chromosome19"
"miRNAid_803","hsa-miR-520a-3p","+","MIMAT0002834","MI0003149","TDRD12","FRA19A","chromosome19"
"miRNAid_804","hsa-miR-526a","+","MIMAT00028451","MI0003168","ZNF613","FRA19A","chromosome19"
"miRNAid_805","hsa-miR-520a-5p","+","MIMAT0002833","MI0003149","PSMD8","FRA19A","chromosome19"
"miRNAid_806","hsa-miR-99b-3p","+","MIMAT0004678","MI0000746","CARD8","FRA19A","chromosome19"
"miRNAid_807","hsa-miR-8085","+","MIMAT0031012","MI0025921","ZNF473","FRA19A","chromosome19"
"miRNAid_808","hsa-miR-520f-5p","+","MIMAT0026609","MI0003146","C19orf33","FRA19A","chromosome19"
"miRNAid_809","hsa-miR-515-5p","+","MIMAT0002826","MI0003144","MRPS12","FRA19A","chromosome19"
"miRNAid_810","hsa-let-7e-3p","+","MIMAT0004485","MI0000066","ZNF813","FRA19A","chromosome19"
"miRNAid_811","hsa-miR-518f-5p","+","MIMAT0002841","MI0003154","ZNF816","FRA19A","chromosome19"
"miRNAid_812","hsa-miR-150-5p","-","MIMAT0000451","MI0000479","KLK3","FRA19A","chromosome19"
"miRNAid_813","hsa-miR-523-3p","+","MIMAT0002840","MI0003153","ZNF568","FRA19A","chromosome19"
"miRNAid_814","hsa-miR-520h","+","MIMAT0002867","MI0003175","ZNF225","FRA19A","chromosome19"
"miRNAid_815","hsa-miR-6801-5p","+","MIMAT0027502","MI0022646","TIMM50","FRA19A","chromosome19"
"miRNAid_816","hsa-miR-520g-5p","+","MIMAT0026611","MI0003166","PRMT1","FRA19A","chromosome19"
"miRNAid_817","hsa-miR-5196-3p","+","MIMAT0021129","MI0018175","ZNF599","FRA19A","chromosome19"
"miRNAid_818","hsa-miR-517-5p","+","MIMAT00028511","MI0003165","LIG1","FRA19A","chromosome19"
"miRNAid_819","hsa-miR-4323","-","MIMAT0016875","MI0015853","FKRP","FRA19A","chromosome19"
"miRNAid_820","hsa-miR-6802-3p","-","MIMAT0027505","MI0022647","DMPK","FRA19A","chromosome19"
"miRNAid_821","hsa-miR-643","+","MIMAT0003313","MI0003658","PAFAH1B3","FRA19A","chromosome19"
"miRNAid_822","hsa-miR-498","+","MIMAT0002824","MI0003142","SELENOW","FRA19A","chromosome19"
"miRNAid_823","hsa-miR-520c-5p","+","MIMAT0005455","MI0003158","PDCD5","FRA19A","chromosome19"
"miRNAid_824","hsa-miR-5088-5p","+","MIMAT0021080","MI0017977","ZNF880","FRA19A","chromosome19"
"miRNAid_825","hsa-miR-516b-3p","+","MIMAT0002860","MI0003167","ZNF677","FRA19A","chromosome19"
"miRNAid_826","hsa-miR-6807-3p","+","MIMAT0027515","MI0022652","MAMSTR","FRA19A","chromosome19"
"miRNAid_827","hsa-miR-6800-3p","+","MIMAT0027501","MI0022645","TEAD2","FRA19A","chromosome19"
"miRNAid_828","hsa-miR-527","+","MIMAT0002862","MI0003179","RPS9","FRA19A","chromosome19"
"miRNAid_829","hsa-miR-6803-3p","-","MIMAT0027507","MI0022648","IGFLR1","FRA19A","chromosome19"
"miRNAid_830","hsa-miR-6797-3p","+","MIMAT0027495","MI0022642","SNRPD2","FRA19A","chromosome19"
"miRNAid_831","hsa-miR-1283","+","MIMAT0005799","MI0003832","C19orf54","FRA19A","chromosome19"
"miRNAid_832","hsa-miR-8074","-","MIMAT0031001","MI0025910","ANKRD27","FRA19A","chromosome19"
"miRNAid_833","hsa-miR-8061","+","MIMAT0030988","MI0025897","ZNF587","FRA19A","chromosome19"
"miRNAid_834","hsa-miR-330-3p","-","MIMAT0000751","MI0000803","ZNF418","FRA19A","chromosome19"
"miRNAid_835","hsa-miR-8077","+","MIMAT0031004","MI0025913","MEIS3","FRA19A","chromosome19"
"miRNAid_836","hsa-miR-6799-3p","+","MIMAT0027499","MI0022644","ZNF112","FRA19A","chromosome19"
"miRNAid_837","hsa-miR-6798-5p","+","MIMAT0027496","MI0022643","TNNT1","FRA19A","chromosome19"
"miRNAid_838","hsa-miR-519c-5p","+","MIMAT0002831","MI0003148","PNKP","FRA19A","chromosome19"
"miRNAid_839","hsa-miR-4750-3p","+","MIMAT0022979","MI0017389","LENG9","FRA19A","chromosome19"
"miRNAid_840","hsa-miR-517b-3p","+","MIMAT0002857","MI0003165","PSG5","FRA19A","chromosome19"
"miRNAid_841","hsa-miR-518d-5p","+","MIMAT0005456","MI0003171","APOC1","FRA19A","chromosome19"
"miRNAid_842","hsa-miR-6803-5p","-","MIMAT0027506","MI0022648","KLK15","FRA19A","chromosome19"
"miRNAid_843","hsa-miR-641","-","MIMAT0003311","MI0003656","ZSCAN5A","FRA19A","chromosome19"
"miRNAid_844","hsa-miR-371b-5p","-","MIMAT0019892","MI0017393","RPL28","FRA19A","chromosome19"
"miRNAid_845","hsa-miR-642b-5p","-","MIMAT0022736","MI0016685","ZNF350","FRA19A","chromosome19"
"miRNAid_846","hsa-miR-320e","-","MIMAT0015072","MI0014234","ZNF180","FRA19A","chromosome19"
"miRNAid_847","hsa-miR-515-3p","+","MIMAT00028271","MI0003147","ZNF576","FRA19A","chromosome19"
"miRNAid_848","hsa-miR-512-5p","+","MIMAT0002822","MI0003140","ZNF808","FRA19A","chromosome19"
"miRNAid_849","hsa-miR-522-5p","+","MIMAT0005451","MI0003177","HAS1","FRA19A","chromosome19"
"miRNAid_850","hsa-miR-525-5p","+","MIMAT0002838","MI0003152","ZNF837","FRA19A","chromosome19"
"miRNAid_851","hsa-miR-6806-5p","+","MIMAT0027512","MI0022651","APOE","FRA19A","chromosome19"
"miRNAid_852","hsa-miR-519b-5p","+","MIMAT0005454","MI0003151","ZNF534","FRA19A","chromosome19"
"miRNAid_853","hsa-miR-518d-3p","+","MIMAT0002864","MI0003171","ZNF776","FRA19A","chromosome19"
"miRNAid_854","hsa-miR-7975","-","MIMAT0031178","MI0025751","IL4I1","FRA19A","chromosome19"
"miRNAid_855","hsa-miR-4751","+","MIMAT0019888","MI0017390","NUMBL","FRA19A","chromosome19"
"miRNAid_856","hsa-miR-523-5p","+","MIMAT0005449","MI0003153","ZNF540","FRA19A","chromosome19"
"miRNAid_857","hsa-miR-516a-5p","+","MIMAT0004770","MI0003180","SIRT2","FRA19A","chromosome19"
"miRNAid_858","hsa-miR-5196-5p","+","MIMAT0021128","MI0018175","HSD17B14","FRA19A","chromosome19"
"miRNAid_859","hsa-miR-519a-3p","+","MIMAT0002869","MI0003178","COQ8B","FRA19A","chromosome19"
"miRNAid_860","hsa-miR-373-5p","+","MIMAT0000725","MI0000781","EML2","FRA19A","chromosome19"
"miRNAid_861","hsa-miR-6800-5p","+","MIMAT0027500","MI0022645","FXYD3","FRA19A","chromosome19"
"miRNAid_862","hsa-miR-516a-3p","+","MIMAT0006778","MI0003180","CD22","FRA19A","chromosome19"
"miRNAid_863","hsa-miR-5088-3p","+","MIMAT0027041","MI0017977","POLD1","FRA19A","chromosome19"
"miRNAid_864","hsa-miR-373-3p","+","MIMAT0000726","MI0000781","DYRK1B","FRA19A","chromosome19"
"miRNAid_865","hsa-miR-3190-5p","+","MIMAT0015073","MI0014235","HAMP","FRA19A","chromosome19"
"miRNAid_866","hsa-miR-769-3p","+","MIMAT0003887","MI0003834","NR1H2","FRA19A","chromosome19"
"miRNAid_867","hsa-miR-6797-5p","+","MIMAT0027494","MI0022642","FBL","FRA19A","chromosome19"
"miRNAid_868","hsa-miR-517a-3p","+","MIMAT0002852","MI0003161","PSG4","FRA19A","chromosome19"
"miRNAid_869","hsa-miR-6804-5p","-","MIMAT0027508","MI0022649","AC004076.9","FRA19A","chromosome19"
"miRNAid_870","hsa-miR-4749-3p","+","MIMAT0019886","MI0017388","ZNF114","FRA19A","chromosome19"
"miRNAid_871","hsa-miR-520e","+","MIMAT0002825","MI0003143","GLTSCR2","FRA19A","chromosome19"
"miRNAid_872","hsa-miR-526b-5p","+","MIMAT0002835","MI0003150","ZNF222","FRA19A","chromosome19"
"miRNAid_873","hsa-miR-519c-3p","+","MIMAT0002832","MI0003148","ZNF226","FRA19A","chromosome19"
"miRNAid_874","hsa-miR-371a-5p","+","MIMAT0004687","MI0000779","TRIM28","FRA19A","chromosome19"
"miRNAid_875","hsa-miR-512-3p","+","MIMAT0002823","MI0003140","RBM42","FRA19A","chromosome19"
"miRNAid_876","hsa-miR-6796-3p","+","MIMAT0027493","MI0022641","PLEKHG2","FRA19A","chromosome19"
"miRNAid_877","hsa-miR-519e-3p","+","MIMAT0002829","MI0003145","KCTD15","FRA19A","chromosome19"
"miRNAid_878","hsa-miR-1283","+","MIMAT00057991","MI0006430","BCL2L12","FRA19A","chromosome19"
"miRNAid_879","hsa-miR-516a-5p","+","MIMAT00047701","MI0003181","ZFP36","FRA19A","chromosome19"
"miRNAid_880","hsa-miR-6887-3p","+","MIMAT0027675","MI0022734","CCDC106","FRA19A","chromosome19"
"miRNAid_881","hsa-miR-517-5p","+","MIMAT00028512","MI0003174","ZNF417","FRA19A","chromosome19"
"miRNAid_882","hsa-miR-6515-5p","+","MIMAT0025486","MI0022227","TPM4","FRA19B","chromosome19"
"miRNAid_883","hsa-miR-24-3p","-","MIMAT0000080","MI0000081","CRB3","FRA19B","chromosome19"
"miRNAid_884","hsa-miR-6793-3p","+","MIMAT0027487","MI0022638","TMEM205","FRA19B","chromosome19"
"miRNAid_885","hsa-miR-27a-3p","-","MIMAT0000084","MI0000085","ISYNA1","FRA19B","chromosome19"
"miRNAid_886","hsa-miR-4746-5p",".","MIMAT0019880","MI0017385","ZNF699","FRA19B","chromosome19"
"miRNAid_887","hsa-miR-1909-5p",".","MIMAT0007882","MI0008330","CNN2","FRA19B","chromosome19"
"miRNAid_888","hsa-miR-640","+","MIMAT0003310","MI0003655","EIF3G","FRA19B","chromosome19"
"miRNAid_889","hsa-miR-1199-5p","+","MIMAT0031119","MI0020340","SYCE2","FRA19B","chromosome19"
"miRNAid_890","hsa-miR-6789-5p",".","MIMAT0027478","MI0022634","KRI1","FRA19B","chromosome19"
"miRNAid_891","hsa-miR-7850-5p",".","MIMAT0030425","MI0025520","CYP4F22","FRA19B","chromosome19"
"miRNAid_892","hsa-miR-181d-5p","+","MIMAT0002821","MI0003139","SLC27A1","FRA19B","chromosome19"
"miRNAid_893","hsa-miR-6795-3p","-","MIMAT0027491","MI0022640","BABAM1","FRA19B","chromosome19"
"miRNAid_894","hsa-miR-4322","+","MIMAT0016873","MI0015851","LYL1","FRA19B","chromosome19"
"miRNAid_895","hsa-miR-639","+","MIMAT0003309","MI0003654","USE1","FRA19B","chromosome19"
"miRNAid_896","hsa-miR-6885-3p",".","MIMAT0027671","MI0022732","DNAJB1","FRA19B","chromosome19"
"miRNAid_897","hsa-miR-5589-5p","+","MIMAT0022297","MI0019148","JSRP1","FRA19B","chromosome19"
"miRNAid_898","hsa-miR-6791-5p",".","MIMAT0027482","MI0022636","OAZ1","FRA19B","chromosome19"
"miRNAid_899","hsa-miR-6794-3p","+","MIMAT0027489","MI0022639","UBA52","FRA19B","chromosome19"
"miRNAid_900","hsa-miR-638","+","MIMAT0003308","MI0003653","PODNL1","FRA19B","chromosome19"
"miRNAid_901","hsa-miR-5695","+","MIMAT0022488","MI0019302","POLRMT","FRA19B","chromosome19"
"miRNAid_902","hsa-miR-7108-3p",".","MIMAT0028114","MI0022959","RANBP3","FRA19B","chromosome19"
"miRNAid_903","hsa-miR-5589-3p","+","MIMAT0022298","MI0019148","PNPLA6","FRA19B","chromosome19"
"miRNAid_904","hsa-miR-6793-5p","+","MIMAT0027486","MI0022638","MAP1S","FRA19B","chromosome19"
"miRNAid_905","hsa-miR-3189-5p","+","MIMAT0019217","MI0014233","TMEM161A","FRA19B","chromosome19"
"miRNAid_906","hsa-miR-1181","-","MIMAT0005826","MI0006274","APC2","FRA19B","chromosome19"
"miRNAid_907","hsa-miR-3187-3p",".","MIMAT0015069","MI0014231","COLGALT1","FRA19B","chromosome19"
"miRNAid_908","hsa-miR-4748","+","MIMAT0019884","MI0017387","RFXANK","FRA19B","chromosome19"
"miRNAid_909","hsa-miR-24-2-5p","-","MIMAT0004497","MI0000081","CNN1","FRA19B","chromosome19"
"miRNAid_910","hsa-miR-4745-5p",".","MIMAT0019878","MI0017384","TECR","FRA19B","chromosome19"
"miRNAid_911","hsa-miR-1238-5p","+","MIMAT0022947","MI0006328","PLPPR2","FRA19B","chromosome19"
"miRNAid_912","hsa-miR-4745-3p",".","MIMAT0019879","MI0017384","TLE2","FRA19B","chromosome19"
"miRNAid_913","hsa-miR-6792-5p",".","MIMAT0027484","MI0022637","HOMER3","FRA19B","chromosome19"
"miRNAid_914","hsa-miR-4747-3p",".","MIMAT0019883","MI0017386","AES","FRA19B","chromosome19"
"miRNAid_915","hsa-miR-3187-5p",".","MIMAT0019216","MI0014231","ARHGEF18","FRA19B","chromosome19"
"miRNAid_916","hsa-miR-7974","-","MIMAT0031177","MI0025750","DPP9","FRA19B","chromosome19"
"miRNAid_917","hsa-miR-199a-5p","-","MIMAT00002311","MI0000242","C19orf57","FRA19B","chromosome19"
"miRNAid_918","hsa-miR-6790-5p",".","MIMAT0027480","MI0022635","RDH8","FRA19B","chromosome19"
"miRNAid_919","hsa-miR-7-5p",".","MIMAT00002521","MI0000265","FCHO1","FRA19B","chromosome19"
"miRNAid_920","hsa-miR-181c-5p","+","MIMAT0000258","MI0000271","PGPEP1","FRA19B","chromosome19"
"miRNAid_921","hsa-miR-4999-3p",".","MIMAT0021018","MI0017865","HMG20B","FRA19B","chromosome19"
"miRNAid_922","hsa-miR-1302",".","MIMAT00058903","MI0015980","ATG4D","FRA19B","chromosome19"
"miRNAid_923","hsa-miR-6885-5p",".","MIMAT0027670","MI0022732","CACTIN","FRA19B","chromosome19"
"miRNAid_924","hsa-miR-637",".","MIMAT0003307","MI0003652","RETN","FRA19B","chromosome19"
"miRNAid_925","hsa-miR-3188","+","MIMAT0015070","MI0014232","ZNF564","FRA19B","chromosome19"
"miRNAid_926","hsa-miR-4321",".","MIMAT0016874","MI0015852","UHRF1","FRA19B","chromosome19"
"miRNAid_927","hsa-miR-6795-5p","-","MIMAT0027490","MI0022640","RAB11B","FRA19B","chromosome19"
"miRNAid_928","hsa-miR-3940-5p",".","MIMAT0019229","MI0016597","KDM4B","FRA19B","chromosome19"
"miRNAid_929","hsa-miR-5684","+","MIMAT0022473","MI0019285","CACNA1A","FRA19B","chromosome19"
"miRNAid_930","hsa-miR-23a-5p","-","MIMAT0004496","MI0000079","MOB3A","FRA19B","chromosome19"
"miRNAid_931","hsa-miR-181c-3p","+","MIMAT0004559","MI0000271","ZNF69","FRA19B","chromosome19"
"miRNAid_932","hsa-miR-6794-5p","+","MIMAT0027488","MI0022639","MIDN","FRA19B","chromosome19"
"miRNAid_933","hsa-miR-1227-3p",".","MIMAT0005580","MI0006316","B3GNT3","FRA19B","chromosome19"
"miRNAid_934","hsa-miR-6791-3p",".","MIMAT0027483","MI0022636","ZNF561","FRA19B","chromosome19"
"miRNAid_935","hsa-miR-1238-3p","+","MIMAT0005593","MI0006328","BTBD2","FRA19B","chromosome19"
"miRNAid_936","hsa-miR-4999-5p",".","MIMAT0021017","MI0017865","ZNF101","FRA19B","chromosome19"
"miRNAid_937","hsa-miR-6792-3p",".","MIMAT0027485","MI0022637","SMIM24","FRA19B","chromosome19"
"miRNAid_938","hsa-miR-1199-3p","+","MIMAT0031120","MI0020340","TMIGD2","FRA19B","chromosome19"
"miRNAid_939","hsa-miR-6886-3p","+","MIMAT0027673","MI0022733","THOP1","FRA19B","chromosome19"
"miRNAid_940","hsa-miR-23a-3p","-","MIMAT0000078","MI0000079","PLIN3","FRA19B","chromosome19"
"miRNAid_941","hsa-miR-1227-5p",".","MIMAT0022941","MI0006316","ZNF559","FRA19B","chromosome19"
"miRNAid_942","hsa-miR-4747-5p",".","MIMAT0019882","MI0017386","MATK","FRA19B","chromosome19"
"miRNAid_943","hsa-miR-6515-3p","+","MIMAT0025487","MI0022227","MRPL4","FRA19B","chromosome19"
"miRNAid_944","hsa-miR-6789-3p",".","MIMAT0027479","MI0022634","ZNF506","FRA19B","chromosome19"
"miRNAid_945","hsa-miR-3189-3p","+","MIMAT0015071","MI0014233","HNRNPM","FRA19B","chromosome19"
"miRNAid_946","hsa-miR-1909-3p",".","MIMAT0007883","MI0008330","CIRBP","FRA19B","chromosome19"
"miRNAid_947","hsa-miR-199a-3p","-","MIMAT00002321","MI0000242","SMARCA4","FRA19B","chromosome19"
"miRNAid_948","hsa-miR-3940-3p",".","MIMAT0018356","MI0016597","DAND5","FRA19B","chromosome19"
"miRNAid_949","hsa-miR-6886-5p","+","MIMAT0027672","MI0022733","SPC24","FRA19B","chromosome19"
"miRNAid_950","hsa-miR-181d-3p","+","MIMAT0026608","MI0003139","ZNF653","FRA19B","chromosome19"
"miRNAid_951","hsa-miR-3192-5p","+","MIMAT0015076","MI0014237","CFAP61","FRA20A","chromosome20"
"miRNAid_952","hsa-miR-3192-3p","+","MIMAT0027027","MI0014237","KAT14","FRA20A","chromosome20"
"miRNAid_953","hsa-miR-6870-5p","-","MIMAT0027640","MI0022717","ANKEF1","FRA20B","chromosome20"
"miRNAid_954","hsa-miR-6870-3p","-","MIMAT0027641","MI0022717","SNAP25","FRA20B","chromosome20"
"miRNAid_955","hsa-miR-3156-3p","-","MI0014242","NA","POTED","FRA21A","chromosome21"
"miRNAid_956","hsa-miR-3118-3p","+","MI0014243","NA","LIPI","FRA21A","chromosome21"
"miRNAid_957","hsa-miR-8069-3p","-","MI0016003","NA","RBM11","FRA21A","chromosome21"
"miRNAid_958","hsa-miR-8069-5p","+","MI0025905","NA","HSPA13","FRA21A","chromosome21"
"miRNAid_959","hsa-mir-658 ","-","NA","MI0003682","RAC2","FRA22A","chromosome22"
"miRNAid_960","hsa-mir-6820 ","+","","MI0022665","PDGFB ","FRA22A","chromosome22"
"miRNAid_961","hsa-mir-4766 ","-","","MI0017407","RBX1 ","FRA22A","chromosome22"
"miRNAid_962","hsa-mir-1249 ","-","","MI0006384","EP300 ","FRA22A","chromosome22"
"miRNAid_963","hsa-mir-3201 ","+","","MI0014250 ","WNT7B ","FRA22A","chromosome22"
"miRNAid_964","hsa-miR-3200-3p","+","MIMAT0015085","MI0014249","SEC14L3","FRA22B","chromosome22"
"miRNAid_965","hsa-miR-3928-5p","-","MIMAT0027037","MI0016438","SFI1","FRA22B","chromosome22"
"miRNAid_966","hsa-miR-7109-5p","-","MIMAT0028115","MI0022960","CCDC157","FRA22B","chromosome22"
"miRNAid_967","hsa-miR-6818-3p","+","MIMAT0027537","MI0022663","MTMR3","FRA22B","chromosome22"
"miRNAid_968","hsa-miR-3200-5p","+","MIMAT0017392","MI0014249","SMTN","FRA22B","chromosome22"
"miRNAid_969","hsa-miR-7109-3p","-","MIMAT0028116","MI0022960","OSBP2","FRA22B","chromosome22"
"miRNAid_970","hsa-miR-6818-5p","+","MIMAT0027536","MI0022663","GAL3ST1","FRA22B","chromosome22"
"miRNAid_971","hsa-mir-892c ","-","NA","MI0022560","FMR1","FRAXA","chromosomeX"
"miRNAid_972","hsa-mir-890 ","-","NA","MI0005533","NA","FRAXA","chromosomeX"
"miRNAid_973","hsa-mir-888 ","-","NA","MI0005537","NA","FRAXA","chromosomeX"
"miRNAid_974","hsa-mir-892a ","-","NA","MI0005528","NA","FRAXA","chromosomeX"
"miRNAid_975","hsa-mir-892b ","-","NA","MI0005538","NA","FRAXA","chromosomeX"
"miRNAid_976","hsa-mir-891b ","-","NA","MI0005534","NA","FRAXA","chromosomeX"
"miRNAid_977","hsa-mir-513c ","-","NA","MI0006649","NA","FRAXA","chromosomeX"
"miRNAid_978","hsa-mir-513b ","-","NA","MI0006648","NA","FRAXA","chromosomeX"
"miRNAid_979","hsa-mir-513a-1 ","-","NA","MI0003191","NA","FRAXA","chromosomeX"
"miRNAid_980","hsa-mir-506 ","-","NA","MI0003193","NA","FRAXA","chromosomeX"
"miRNAid_981","hsa-mir-507","-","NA","MI0003194","NA","FRAXA","chromosomeX"
"miRNAid_982","hsa-mir-508 ","-","NA","MI0003195","NA","FRAXA","chromosomeX"
"miRNAid_983","hsa-mir-514b ","-","NA","MI0014251","NA","FRAXA","chromosomeX"
"miRNAid_984","hsa-mir-510 ","-","NA","MI0003197","NA","FRAXA","chromosomeX"
"miRNAid_985","hsa-mir-4770 ","-","NA","MI0017411","NA","FRAXB","chromosomeX"
"miRNAid_986","hsa-mir-4767 ","+","NA","MI0017408","NA","FRAXB","chromosomeX"
"miRNAid_987","hsa-mir-651 ","+","NA","MI0003666","NA","FRAXB","chromosomeX"
"miRNAid_988","hsa-mir-4330 ","+","NA","MI0015902","NA","FRAXE","chromosomeX"
"miRNAid_989","hsa-mir-224 ","-","NA","MI0000301","NA","FRAXE","chromosomeX"
"miRNAid_990","hsa-mir-452 ","-","NA","MI0001733","NA","FRAXE","chromosomeX"
"miRNAid_991","hsa-mir-105-1 ","-","NA","MI0000111","NA","FRAXE","chromosomeX"
"miRNAid_992","hsa-miR-767","-","NA","MI0003763","NA","FRAXE","chromosomeX"
"miRNAid_993","hsa-mir-105-2 ","-","NA","MI0000112","NA","FRAXE","chromosomeX"
"miRNAid_994","hsa-mir-3201","+","NA","MI0014250","NA","FRAXE","chromosomeX"
"miRNAid_995","hsa-mir-718 ","-","NA","MI0012489","NA","FRAXE","chromosomeX"
"miRNAid_996","hsa-mir-6858","+","NA","MI0022704","NA","FRAXE","chromosomeX"
"miRNAid_997","hsa-mir-2114 ","+","NA","MI0010633","IKBKG","FRAXF","chromosomeX"
"miRNAid_998","hsa-mir-4330 ","+","NA","MI0015902","NA","FRAXF","chromosomeX"
"miRNAid_999","hsa-mir-224 ","-","NA","MI0000301","NA","FRAXF","chromosomeX"
"miRNAid_1000","hsa-mir-452 ","-","NA","MI0001733","NA","FRAXF","chromosomeX"
"miRNAid_1001","hsa-mir-105-1 ","-","NA","MI0000111","NA","FRAXF","chromosomeX"
"miRNAid_1002","hsa-miR-767","-","NA","MI0003763","NA","FRAXF","chromosomeX"
"miRNAid_1003","hsa-mir-105-2 ","-","NA","MI0000112","NA","FRAXF","chromosomeX"
"miRNAid_1004","hsa-mir-3201","+","NA","MI0014250","NA","FRAXF","chromosomeX"
"miRNAid_1005","hsa-mir-718 ","-","NA","MI0012489","NA","FRAXF","chromosomeX"
"miRNAid_1006","hsa-mir-6858","+","NA","MI0022704","NA","FRAXF","chromosomeX"
